order_id,invoice_id,order_date,ship_date,region,country,state,city,sales_channel,customer_segment,customer_name,sales_rep,product,category,subcategory,quantity,unit_price,discount_pct,gross_revenue,net_revenue,shipping_cost,total_cost,profit,profit_margin_pct,payment_method,order_priority,fulfillment_status,returned,satisfaction_score
SO-2024-00001,INV-000001,2024-01-18,2024-01-20,North,United States,New York,New York,Online,SMB,Northwind Retail,Marcus Lee,Nimbus Tablet,Electronics,Mobile Devices,9,594.67,0.00,5352.03,5352.03,68.17,4101.66,1250.37,23.36,ACH,Low,Processing,no,5
SO-2024-00002,INV-000002,2024-01-16,2024-01-20,West,United States,California,San Francisco,Retail,Consumer,BrightPath Stores,Jordan Reed,Summit Desk,Furniture,Office,20,437.12,0.12,8742.40,7693.31,12.54,6247.06,1446.25,18.80,Credit Card,Critical,Delivered,no,3
SO-2024-00003,INV-000003,2024-02-10,2024-02-13,East,United States,Pennsylvania,Philadelphia,Marketplace,SMB,Elevate Technologies,Jordan Reed,Terra Blender,Home Appliances,Kitchen,27,114.98,0.05,3104.46,2949.24,56.51,2207.90,741.33,25.14,Credit Card,Medium,Delivered,no,4
SO-2024-00004,INV-000004,2024-01-10,2024-01-14,South,United States,Florida,Miami,Retail,SMB,BluePeak Services,Priya Nair,Nimbus Tablet,Electronics,Mobile Devices,10,647.63,0.12,6476.30,5699.14,42.28,4260.85,1438.29,25.24,PayPal,Critical,Delivered,no,4
SO-2024-00005,INV-000005,2024-02-17,2024-02-20,South,United States,Florida,Miami,Marketplace,Consumer,BluePeak Supply,Marcus Lee,Orbit Camera,Electronics,Security,28,236.47,0.00,6621.16,6621.16,31.01,3431.48,3189.68,48.17,PayPal,Critical,Delivered,no,5
SO-2024-00006,INV-000006,2024-01-22,2024-01-24,South,United States,Texas,Dallas,Retail,Government,Summit Supply,Jordan Reed,Vertex Monitor,Electronics,Displays,9,406.93,0.08,3662.37,3369.38,33.81,2221.85,1147.53,34.06,Credit Card,Low,Processing,no,3
SO-2024-00007,INV-000007,2024-02-14,2024-02-15,West,United States,California,San Francisco,Inside Sales,Consumer,BluePeak Foods,Jordan Reed,Pulse Headphones,Electronics,Accessories,14,185.07,0.05,2590.98,2461.43,55.92,1593.20,868.23,35.27,Invoice,Critical,Delivered,no,3
SO-2024-00008,INV-000008,2024-01-24,2024-01-29,North,United States,New York,New York,Retail,Enterprise,Greenline Technologies,Daniel Brooks,Vertex Monitor,Electronics,Displays,26,351.12,0.00,9129.12,9129.12,84.25,6194.56,2934.56,32.15,PayPal,Low,Delivered,no,3
SO-2024-00009,INV-000009,2024-01-24,2024-01-25,East,United States,Virginia,Richmond,Marketplace,SMB,Greenline Homes,Elena Cruz,Terra Blender,Home Appliances,Kitchen,9,142.97,0.00,1286.73,1286.73,19.11,697.31,589.42,45.81,ACH,Critical,Delivered,no,3
SO-2024-00010,INV-000010,2024-02-24,2024-02-27,South,United States,Florida,Miami,Inside Sales,Enterprise,SilverOak Logistics,Marcus Lee,Orbit Camera,Electronics,Security,14,249.38,0.10,3491.32,3142.19,42.99,1926.86,1215.33,38.68,ACH,Medium,Delivered,no,3
SO-2024-00011,INV-000011,2024-01-25,2024-01-26,North,United States,New York,New York,Distributor,SMB,Elevate Services,Noah Bennett,Nimbus Tablet,Electronics,Mobile Devices,3,716.17,0.00,2148.51,2148.51,54.67,1306.38,842.13,39.20,PayPal,Medium,Delivered,no,3
SO-2024-00012,INV-000012,2024-02-03,2024-02-07,West,United States,California,San Francisco,Online,SMB,Cobalt Technologies,Marcus Lee,Nimbus Tablet,Electronics,Mobile Devices,15,649.93,0.10,9748.95,8774.05,16.50,6558.51,2215.54,25.25,Wire Transfer,Critical,Delivered,no,3
SO-2024-00013,INV-000013,2024-01-30,2024-02-03,South,United States,Texas,Dallas,Online,SMB,PrimeAxis Retail,Priya Nair,Apex Drill,Industrial,Tools,9,364.32,0.00,3278.88,3278.88,48.78,2058.53,1220.35,37.22,PayPal,Critical,Delivered,no,4
SO-2024-00014,INV-000014,2024-01-17,2024-01-19,West,United States,California,San Francisco,Retail,SMB,PrimeAxis Homes,Elena Cruz,Summit Desk,Furniture,Office,14,404.18,0.05,5658.52,5375.59,34.01,4387.40,988.20,18.38,Wire Transfer,Low,Processing,no,5
SO-2024-00015,INV-000015,2024-02-04,2024-02-05,North,United States,New York,New York,Retail,Enterprise,PrimeAxis Logistics,Jordan Reed,Orbit Camera,Electronics,Security,3,225.98,0.08,677.94,623.70,88.31,475.28,148.42,23.80,Wire Transfer,Critical,Returned,yes,2
SO-2024-00016,INV-000016,2024-02-22,2024-02-27,South,United States,Florida,Miami,Retail,Consumer,SilverOak Technologies,Sana Khan,Crest Air Purifier,Home Appliances,Air Quality,3,290.45,0.05,871.35,827.78,66.56,581.50,246.28,29.75,Wire Transfer,High,Delivered,no,4
SO-2024-00017,INV-000017,2024-01-17,2024-01-21,North,United States,Massachusetts,Boston,Inside Sales,Consumer,BluePeak Supply,Priya Nair,Terra Blender,Home Appliances,Kitchen,21,147.01,0.00,3087.21,3087.21,18.08,1549.67,1537.54,49.80,PayPal,High,Delivered,no,5
SO-2024-00018,INV-000018,2024-02-29,2024-03-05,North,United States,New York,New York,Inside Sales,Consumer,PrimeAxis Stores,Marcus Lee,Orbit Camera,Electronics,Security,11,245.77,0.00,2703.47,2703.47,89.93,1442.83,1260.64,46.63,Invoice,Medium,Delivered,no,5
SO-2024-00019,INV-000019,2024-02-04,2024-02-05,West,United States,Washington,Seattle,Marketplace,Government,Greenline Homes,Anika Shah,Harbor Chair,Furniture,Office,4,249.73,0.12,998.92,879.05,34.96,565.11,313.93,35.71,Credit Card,Low,Delivered,no,5
SO-2024-00020,INV-000020,2024-02-12,2024-02-17,North,United States,New York,New York,Retail,Enterprise,Summit Supply,Daniel Brooks,Pulse Headphones,Electronics,Accessories,19,173.60,0.00,3298.40,3298.40,15.47,1960.75,1337.65,40.55,ACH,Critical,Delivered,no,5
SO-2024-00021,INV-000021,2024-01-31,2024-02-02,South,United States,Florida,Miami,Online,Government,BrightPath Stores,Anika Shah,Pulse Headphones,Electronics,Accessories,15,167.54,0.10,2513.10,2261.79,88.73,1701.18,560.61,24.79,PayPal,Medium,Delivered,no,3
SO-2024-00022,INV-000022,2024-02-10,2024-02-12,East,United States,Pennsylvania,Philadelphia,Distributor,Consumer,Summit Foods,Anika Shah,Vertex Monitor,Electronics,Displays,9,335.85,0.00,3022.65,3022.65,45.07,2155.12,867.53,28.70,Credit Card,High,Delivered,no,3
SO-2024-00023,INV-000023,2024-01-25,2024-01-26,East,United States,Virginia,Richmond,Retail,Consumer,Cobalt Services,Anika Shah,Crest Air Purifier,Home Appliances,Air Quality,21,277.04,0.10,5817.84,5236.06,77.27,3627.64,1608.41,30.72,PayPal,Low,Delivered,no,5
SO-2024-00024,INV-000024,2024-02-16,2024-02-20,South,United States,Florida,Miami,Distributor,Consumer,PrimeAxis Partners,Sana Khan,Orbit Camera,Electronics,Security,4,246.75,0.03,987.00,957.39,63.72,587.68,369.71,38.62,Invoice,Medium,Delivered,no,3
SO-2024-00025,INV-000025,2024-03-08,2024-03-14,West,United States,California,San Francisco,Marketplace,Consumer,Cobalt Services,Noah Bennett,Apex Drill,Industrial,Tools,7,342.17,0.03,2395.19,2323.33,45.70,1603.97,719.37,30.96,PayPal,Critical,Delivered,no,5
SO-2024-00026,INV-000026,2024-02-05,2024-02-11,West,United States,Washington,Seattle,Retail,SMB,BrightPath Supply,Anika Shah,Summit Desk,Furniture,Office,4,437.79,0.10,1751.16,1576.04,64.53,1244.79,331.25,21.02,Credit Card,Medium,Delivered,no,4
SO-2024-00027,INV-000027,2024-02-25,2024-02-29,North,United States,Massachusetts,Boston,Retail,SMB,BluePeak Industries,Noah Bennett,Crest Air Purifier,Home Appliances,Air Quality,22,287.28,0.10,6320.16,5688.14,69.80,3814.80,1873.34,32.93,Credit Card,Medium,Delivered,no,3
SO-2024-00028,INV-000028,2024-02-26,2024-03-03,South,United States,Texas,Dallas,Retail,Government,PrimeAxis Homes,Noah Bennett,Vertex Monitor,Electronics,Displays,18,430.87,0.08,7755.66,7135.21,38.34,4501.42,2633.79,36.91,Invoice,Medium,Processing,no,5
SO-2024-00029,INV-000029,2024-03-09,2024-03-11,West,United States,Washington,Seattle,Retail,Government,Greenline Stores,Priya Nair,Harbor Chair,Furniture,Office,10,237.65,0.10,2376.50,2138.85,35.72,1405.52,733.33,34.29,Wire Transfer,Low,Delivered,no,4
SO-2024-00030,INV-000030,2024-03-04,2024-03-08,East,United States,Pennsylvania,Philadelphia,Distributor,Enterprise,Elevate Industries,Daniel Brooks,Apex Drill,Industrial,Tools,15,294.85,0.12,4422.75,3892.02,46.87,3412.90,479.12,12.31,Invoice,Critical,Delivered,no,4
SO-2024-00031,INV-000031,2024-03-02,2024-03-04,South,United States,Florida,Miami,Marketplace,Enterprise,Lighthouse Stores,Sana Khan,Orbit Camera,Electronics,Security,10,217.54,0.00,2175.40,2175.40,44.28,1355.01,820.39,37.71,ACH,Low,Delivered,no,3
SO-2024-00032,INV-000032,2024-03-01,2024-03-03,South,United States,Texas,Dallas,Inside Sales,Enterprise,BrightPath Industries,Noah Bennett,Apex Drill,Industrial,Tools,3,311.77,0.03,935.31,907.25,29.57,659.08,248.17,27.35,Credit Card,Low,Processing,no,4
SO-2024-00033,INV-000033,2024-03-14,2024-03-15,North,United States,Massachusetts,Boston,Marketplace,SMB,Lighthouse Logistics,Noah Bennett,Summit Desk,Furniture,Office,26,407.62,0.00,10598.12,10598.12,28.55,7410.51,3187.61,30.08,Invoice,High,Delivered,no,3
SO-2024-00034,INV-000034,2024-02-13,2024-02-16,North,United States,Massachusetts,Boston,Retail,Enterprise,BluePeak Services,Elena Cruz,Crest Air Purifier,Home Appliances,Air Quality,5,287.50,0.03,1437.50,1394.38,59.79,952.37,442.00,31.70,ACH,Low,Delivered,no,5
SO-2024-00035,INV-000035,2024-03-09,2024-03-13,East,United States,Pennsylvania,Philadelphia,Inside Sales,Government,BluePeak Industries,Priya Nair,Aurora Laptop,Electronics,Computers,23,1219.46,0.08,28047.58,25803.77,65.75,18642.28,7161.49,27.75,PayPal,Medium,Processing,no,5
SO-2024-00036,INV-000036,2024-03-15,2024-03-20,East,United States,Virginia,Richmond,Distributor,SMB,BluePeak Partners,Noah Bennett,Orbit Camera,Electronics,Security,26,220.25,0.05,5726.50,5440.18,80.54,3458.41,1981.76,36.43,ACH,Critical,Delivered,no,4
SO-2024-00037,INV-000037,2024-02-26,2024-02-28,West,United States,Washington,Seattle,Marketplace,SMB,PrimeAxis Retail,Jordan Reed,Aurora Laptop,Electronics,Computers,17,1168.00,0.12,19856.00,17473.28,33.44,14221.46,3251.82,18.61,Wire Transfer,Critical,Delivered,no,4
SO-2024-00038,INV-000038,2024-03-22,2024-03-26,South,United States,Florida,Miami,Inside Sales,Government,BrightPath Services,Daniel Brooks,Orbit Camera,Electronics,Security,22,233.25,0.05,5131.50,4874.93,77.81,2769.88,2105.04,43.18,PayPal,High,Delivered,no,4
SO-2024-00039,INV-000039,2024-02-27,2024-03-01,East,United States,Virginia,Richmond,Distributor,Consumer,SilverOak Supply,Elena Cruz,Vertex Monitor,Electronics,Displays,9,345.41,0.00,3108.69,3108.69,38.19,2266.58,842.11,27.09,Credit Card,Medium,Delivered,no,4
SO-2024-00040,INV-000040,2024-02-20,2024-02-23,East,United States,Pennsylvania,Philadelphia,Online,Consumer,Lighthouse Logistics,Noah Bennett,Summit Desk,Furniture,Office,2,488.41,0.00,976.82,976.82,34.77,670.15,306.67,31.39,PayPal,Critical,Delivered,no,4
SO-2024-00041,INV-000041,2024-02-26,2024-03-01,North,United States,New York,New York,Inside Sales,Enterprise,Greenline Services,Marcus Lee,Pulse Headphones,Electronics,Accessories,5,206.72,0.05,1033.60,981.92,52.81,577.72,404.20,41.16,Credit Card,Critical,Delivered,no,5
SO-2024-00042,INV-000042,2024-03-15,2024-03-19,South,United States,Florida,Miami,Retail,SMB,Elevate Logistics,Elena Cruz,Crest Air Purifier,Home Appliances,Air Quality,16,311.42,0.03,4982.72,4833.24,83.39,2965.95,1867.28,38.63,Credit Card,Medium,Delivered,no,3
SO-2024-00043,INV-000043,2024-02-22,2024-02-23,North,United States,Massachusetts,Boston,Retail,Consumer,Lighthouse Logistics,Marcus Lee,Pulse Headphones,Electronics,Accessories,15,188.46,0.08,2826.90,2600.75,51.00,1525.79,1074.96,41.33,PayPal,Low,Delivered,no,5
SO-2024-00044,INV-000044,2024-03-01,2024-03-03,South,United States,Texas,Dallas,Distributor,Consumer,Lighthouse Logistics,Sana Khan,Summit Desk,Furniture,Office,4,411.04,0.12,1644.16,1446.86,37.53,1276.38,170.48,11.78,Invoice,Critical,Delivered,no,4
SO-2024-00045,INV-000045,2024-03-12,2024-03-18,North,United States,New York,New York,Online,SMB,BrightPath Services,Noah Bennett,Nimbus Tablet,Electronics,Mobile Devices,12,672.99,0.00,8075.88,8075.88,19.58,5439.74,2636.14,32.64,ACH,Critical,Delivered,no,4
SO-2024-00046,INV-000046,2024-03-26,2024-03-30,West,United States,California,San Francisco,Inside Sales,Government,Cobalt Homes,Anika Shah,Pulse Headphones,Electronics,Accessories,4,189.42,0.05,757.68,719.80,39.66,464.15,255.65,35.52,PayPal,Low,Delivered,no,4
SO-2024-00047,INV-000047,2024-02-23,2024-02-27,East,United States,Pennsylvania,Philadelphia,Marketplace,Government,PrimeAxis Technologies,Noah Bennett,Harbor Chair,Furniture,Office,18,261.58,0.00,4708.44,4708.44,66.59,2612.97,2095.47,44.50,Credit Card,Medium,Delivered,no,4
SO-2024-00048,INV-000048,2024-03-06,2024-03-10,South,United States,Texas,Dallas,Online,Government,BrightPath Foods,Jordan Reed,Orbit Camera,Electronics,Security,24,220.32,0.00,5287.68,5287.68,92.77,3216.76,2070.92,39.17,Wire Transfer,Low,Delivered,no,4
SO-2024-00049,INV-000049,2024-03-20,2024-03-26,South,United States,Texas,Dallas,Distributor,SMB,PrimeAxis Stores,Priya Nair,Nimbus Tablet,Electronics,Mobile Devices,11,656.99,0.03,7226.89,7010.08,46.49,4749.19,2260.90,32.25,Credit Card,High,Processing,no,4
SO-2024-00050,INV-000050,2024-02-19,2024-02-22,East,United States,Virginia,Richmond,Inside Sales,Consumer,PrimeAxis Homes,Sana Khan,Terra Blender,Home Appliances,Kitchen,25,123.53,0.08,3088.25,2841.19,60.13,1982.64,858.55,30.22,PayPal,High,Processing,no,3
SO-2024-00051,INV-000051,2024-03-05,2024-03-09,West,United States,California,San Francisco,Retail,Consumer,Lighthouse Retail,Jordan Reed,Summit Desk,Furniture,Office,3,441.89,0.05,1325.67,1259.39,70.53,1006.30,253.08,20.10,PayPal,Low,Delivered,no,5
SO-2024-00052,INV-000052,2024-03-01,2024-03-05,North,United States,New York,New York,Marketplace,Government,BluePeak Technologies,Daniel Brooks,Vertex Monitor,Electronics,Displays,22,429.10,0.00,9440.20,9440.20,50.97,5639.14,3801.06,40.26,PayPal,Low,Processing,no,5
SO-2024-00053,INV-000053,2024-04-02,2024-04-08,South,United States,Florida,Miami,Inside Sales,Enterprise,Lighthouse Stores,Anika Shah,Nimbus Tablet,Electronics,Mobile Devices,11,739.43,0.10,8133.73,7320.36,19.50,4997.09,2323.27,31.74,Invoice,Low,Delivered,no,4
SO-2024-00054,INV-000054,2024-03-21,2024-03-23,East,United States,Pennsylvania,Philadelphia,Distributor,SMB,Elevate Supply,Marcus Lee,Terra Blender,Home Appliances,Kitchen,9,131.34,0.08,1182.06,1087.50,68.59,722.34,365.16,33.58,PayPal,High,Processing,no,4
SO-2024-00055,INV-000055,2024-03-24,2024-03-27,North,United States,New York,New York,Inside Sales,SMB,BrightPath Homes,Sana Khan,Harbor Chair,Furniture,Office,23,244.29,0.00,5618.67,5618.67,48.66,3227.32,2391.35,42.56,PayPal,Low,Processing,no,3
SO-2024-00056,INV-000056,2024-04-01,2024-04-04,East,United States,Pennsylvania,Philadelphia,Inside Sales,SMB,Elevate Homes,Daniel Brooks,Apex Drill,Industrial,Tools,24,314.77,0.12,7554.48,6647.94,66.63,5071.04,1576.91,23.72,Wire Transfer,Medium,Delivered,no,5
SO-2024-00057,INV-000057,2024-04-06,2024-04-07,South,United States,Texas,Dallas,Inside Sales,Government,BluePeak Partners,Priya Nair,Harbor Chair,Furniture,Office,22,250.48,0.03,5510.56,5345.24,77.45,3004.17,2341.08,43.80,Wire Transfer,Medium,Delivered,no,5
SO-2024-00058,INV-000058,2024-03-08,2024-03-11,East,United States,Virginia,Richmond,Retail,Government,BluePeak Stores,Daniel Brooks,Terra Blender,Home Appliances,Kitchen,28,145.19,0.12,4065.32,3577.48,36.50,2242.04,1335.45,37.33,Credit Card,Critical,Processing,no,3
SO-2024-00059,INV-000059,2024-03-28,2024-03-31,North,United States,Massachusetts,Boston,Online,Consumer,SilverOak Homes,Marcus Lee,Harbor Chair,Furniture,Office,23,256.86,0.03,5907.78,5730.55,60.52,3420.80,2309.74,40.31,Credit Card,Critical,Delivered,no,5
SO-2024-00060,INV-000060,2024-03-07,2024-03-09,West,United States,California,San Francisco,Inside Sales,Government,Cobalt Homes,Priya Nair,Harbor Chair,Furniture,Office,3,269.12,0.03,807.36,783.14,94.66,497.87,285.27,36.43,PayPal,Low,Delivered,no,4
SO-2024-00061,INV-000061,2024-03-18,2024-03-19,West,United States,California,San Francisco,Online,Government,PrimeAxis Technologies,Elena Cruz,Crest Air Purifier,Home Appliances,Air Quality,24,272.40,0.05,6537.60,6210.72,48.91,4010.15,2200.57,35.43,Wire Transfer,Low,Delivered,no,4
SO-2024-00062,INV-000062,2024-04-12,2024-04-18,South,United States,Florida,Miami,Retail,SMB,BluePeak Foods,Marcus Lee,Nimbus Tablet,Electronics,Mobile Devices,21,734.98,0.00,15434.58,15434.58,77.30,8802.29,6632.29,42.97,Invoice,Medium,Delivered,no,5
SO-2024-00063,INV-000063,2024-03-12,2024-03-14,East,United States,Virginia,Richmond,Inside Sales,Enterprise,SilverOak Services,Priya Nair,Aurora Laptop,Electronics,Computers,19,1180.52,0.00,22429.88,22429.88,21.12,17002.14,5427.74,24.20,Invoice,Low,Delivered,no,3
SO-2024-00064,INV-000064,2024-03-08,2024-03-12,North,United States,Massachusetts,Boston,Distributor,Enterprise,PrimeAxis Partners,Anika Shah,Apex Drill,Industrial,Tools,16,356.07,0.08,5697.12,5241.35,61.27,3469.12,1772.23,33.81,PayPal,Critical,Delivered,no,4
SO-2024-00065,INV-000065,2024-04-19,2024-04-23,West,United States,Washington,Seattle,Marketplace,Consumer,Cobalt Services,Noah Bennett,Nimbus Tablet,Electronics,Mobile Devices,4,722.86,0.03,2891.44,2804.70,62.49,1688.53,1116.17,39.80,ACH,Critical,Delivered,no,3
SO-2024-00066,INV-000066,2024-04-02,2024-04-06,South,United States,Florida,Miami,Inside Sales,SMB,Summit Partners,Noah Bennett,Nimbus Tablet,Electronics,Mobile Devices,9,640.95,0.12,5768.55,5076.32,49.64,3867.13,1209.19,23.82,Credit Card,Low,Processing,no,3
SO-2024-00067,INV-000067,2024-03-13,2024-03-19,West,United States,California,San Francisco,Inside Sales,Government,BluePeak Industries,Anika Shah,Nimbus Tablet,Electronics,Mobile Devices,25,634.00,0.00,15850.00,15850.00,58.18,10877.13,4972.87,31.37,Invoice,High,Delivered,no,4
SO-2024-00068,INV-000068,2024-03-17,2024-03-23,South,United States,Florida,Miami,Distributor,Enterprise,Elevate Supply,Elena Cruz,Nimbus Tablet,Electronics,Mobile Devices,17,608.96,0.00,10352.32,10352.32,41.06,7372.07,2980.25,28.79,Credit Card,Medium,Delivered,no,4
SO-2024-00069,INV-000069,2024-03-31,2024-04-01,East,United States,Pennsylvania,Philadelphia,Retail,Government,BluePeak Foods,Sana Khan,Harbor Chair,Furniture,Office,7,264.37,0.08,1850.59,1702.54,66.56,1001.99,700.56,41.15,PayPal,High,Delivered,no,3
SO-2024-00070,INV-000070,2024-03-30,2024-04-04,East,United States,Virginia,Richmond,Distributor,Government,BluePeak Partners,Noah Bennett,Terra Blender,Home Appliances,Kitchen,21,116.37,0.00,2443.77,2443.77,24.91,1657.44,786.33,32.18,ACH,Critical,Returned,yes,3
SO-2024-00071,INV-000071,2024-04-12,2024-04-13,South,United States,Florida,Miami,Distributor,Enterprise,Northwind Supply,Anika Shah,Harbor Chair,Furniture,Office,13,237.03,0.03,3081.39,2988.95,68.29,1918.22,1070.73,35.82,Wire Transfer,High,Delivered,no,3
SO-2024-00072,INV-000072,2024-03-30,2024-04-02,East,United States,Virginia,Richmond,Inside Sales,Enterprise,PrimeAxis Foods,Sana Khan,Pulse Headphones,Electronics,Accessories,5,166.70,0.10,833.50,750.15,47.74,545.25,204.90,27.32,Credit Card,Critical,Delivered,no,3
SO-2024-00073,INV-000073,2024-04-02,2024-04-07,North,United States,Massachusetts,Boston,Distributor,Consumer,Greenline Services,Jordan Reed,Vertex Monitor,Electronics,Displays,15,390.02,0.10,5850.30,5265.27,65.13,3586.52,1678.75,31.88,PayPal,Low,Delivered,no,3
SO-2024-00074,INV-000074,2024-04-16,2024-04-17,West,United States,California,San Francisco,Retail,Consumer,PrimeAxis Foods,Daniel Brooks,Apex Drill,Industrial,Tools,14,363.98,0.10,5095.72,4586.15,40.18,2980.09,1606.06,35.02,Wire Transfer,Medium,Delivered,no,3
SO-2024-00075,INV-000075,2024-03-27,2024-03-29,East,United States,Virginia,Richmond,Marketplace,Government,Lighthouse Services,Daniel Brooks,Pulse Headphones,Electronics,Accessories,21,173.83,0.12,3650.43,3212.38,66.41,2168.26,1044.11,32.50,Invoice,Medium,Processing,no,4
SO-2024-00076,INV-000076,2024-04-13,2024-04-19,West,United States,Washington,Seattle,Inside Sales,Consumer,Northwind Retail,Jordan Reed,Nimbus Tablet,Electronics,Mobile Devices,11,705.49,0.08,7760.39,7139.56,16.66,4733.13,2406.43,33.71,Credit Card,Critical,Processing,no,4
SO-2024-00077,INV-000077,2024-04-14,2024-04-19,North,United States,New York,New York,Marketplace,SMB,Summit Logistics,Anika Shah,Crest Air Purifier,Home Appliances,Air Quality,22,259.17,0.08,5701.74,5245.60,51.48,3645.03,1600.57,30.51,Wire Transfer,Critical,Delivered,no,4
SO-2024-00078,INV-000078,2024-04-10,2024-04-13,South,United States,Texas,Dallas,Online,Government,BluePeak Technologies,Elena Cruz,Orbit Camera,Electronics,Security,11,214.78,0.12,2362.58,2079.07,40.08,1470.08,608.99,29.29,Invoice,Medium,Delivered,no,4
SO-2024-00079,INV-000079,2024-04-10,2024-04-13,South,United States,Texas,Dallas,Marketplace,Enterprise,Summit Stores,Sana Khan,Nimbus Tablet,Electronics,Mobile Devices,22,688.98,0.05,15157.56,14399.68,22.70,9679.06,4720.63,32.78,ACH,High,Processing,no,3
SO-2024-00080,INV-000080,2024-03-31,2024-04-02,East,United States,Virginia,Richmond,Marketplace,Enterprise,BluePeak Foods,Daniel Brooks,Terra Blender,Home Appliances,Kitchen,12,145.30,0.05,1743.60,1656.42,27.94,986.98,669.44,40.42,ACH,Medium,Delivered,no,5
SO-2024-00081,INV-000081,2024-03-31,2024-04-02,South,United States,Texas,Dallas,Distributor,Consumer,Summit Supply,Noah Bennett,Apex Drill,Industrial,Tools,28,348.79,0.08,9766.12,8984.83,79.15,5840.75,3144.08,34.99,Wire Transfer,Medium,Processing,no,4
SO-2024-00082,INV-000082,2024-04-14,2024-04-20,South,United States,Florida,Miami,Marketplace,SMB,Greenline Supply,Elena Cruz,Vertex Monitor,Electronics,Displays,20,430.53,0.05,8610.60,8180.07,75.86,5047.79,3132.28,38.29,Credit Card,Critical,Processing,no,4
SO-2024-00083,INV-000083,2024-05-07,2024-05-12,North,United States,Massachusetts,Boston,Distributor,Consumer,BluePeak Supply,Anika Shah,Orbit Camera,Electronics,Security,5,208.95,0.12,1044.75,919.38,25.31,664.08,255.30,27.77,PayPal,Low,Processing,no,4
SO-2024-00084,INV-000084,2024-04-08,2024-04-12,East,United States,Pennsylvania,Philadelphia,Online,Consumer,Greenline Stores,Noah Bennett,Orbit Camera,Electronics,Security,4,214.07,0.00,856.28,856.28,38.45,528.28,328.00,38.30,Wire Transfer,Critical,Delivered,no,4
SO-2024-00085,INV-000085,2024-03-30,2024-03-31,North,United States,New York,New York,Inside Sales,Enterprise,BrightPath Supply,Anika Shah,Crest Air Purifier,Home Appliances,Air Quality,10,261.16,0.00,2611.60,2611.60,57.55,1806.49,805.11,30.83,Wire Transfer,Critical,Delivered,no,5
SO-2024-00086,INV-000086,2024-03-30,2024-03-31,West,United States,Washington,Seattle,Online,Consumer,BrightPath Industries,Marcus Lee,Crest Air Purifier,Home Appliances,Air Quality,28,311.18,0.08,8713.04,8016.00,56.49,4900.05,3115.94,38.87,ACH,Critical,Delivered,no,3
SO-2024-00087,INV-000087,2024-03-31,2024-04-05,East,United States,Pennsylvania,Philadelphia,Online,Consumer,Summit Partners,Jordan Reed,Nimbus Tablet,Electronics,Mobile Devices,19,656.73,0.08,12477.87,11479.64,57.99,8092.69,3386.95,29.50,Invoice,Medium,Processing,no,5
SO-2024-00088,INV-000088,2024-04-05,2024-04-06,East,United States,Pennsylvania,Philadelphia,Online,Government,Greenline Stores,Anika Shah,Nimbus Tablet,Electronics,Mobile Devices,13,663.25,0.12,8622.25,7587.58,65.35,5851.02,1736.56,22.89,Invoice,Medium,Processing,no,3
SO-2024-00089,INV-000089,2024-04-18,2024-04-21,North,United States,New York,New York,Online,Consumer,BrightPath Technologies,Elena Cruz,Summit Desk,Furniture,Office,18,451.44,0.12,8125.92,7150.81,57.07,5316.08,1834.73,25.66,Credit Card,High,Delivered,no,4
SO-2024-00090,INV-000090,2024-04-23,2024-04-26,West,United States,Washington,Seattle,Distributor,SMB,Cobalt Logistics,Elena Cruz,Apex Drill,Industrial,Tools,7,331.97,0.05,2323.79,2207.60,42.49,1594.33,613.27,27.78,Invoice,Low,Delivered,no,3
SO-2024-00091,INV-000091,2024-04-19,2024-04-23,East,United States,Virginia,Richmond,Distributor,Consumer,Summit Services,Anika Shah,Terra Blender,Home Appliances,Kitchen,21,137.59,0.00,2889.39,2889.39,69.25,1626.65,1262.74,43.70,Credit Card,Critical,Returned,yes,3
SO-2024-00092,INV-000092,2024-04-02,2024-04-04,South,United States,Texas,Dallas,Marketplace,Enterprise,Summit Industries,Priya Nair,Orbit Camera,Electronics,Security,21,231.33,0.05,4857.93,4615.03,14.89,2576.40,2038.64,44.17,PayPal,High,Delivered,no,4
SO-2024-00093,INV-000093,2024-05-08,2024-05-10,North,United States,Massachusetts,Boston,Distributor,Enterprise,Lighthouse Foods,Elena Cruz,Vertex Monitor,Electronics,Displays,18,369.68,0.03,6654.24,6454.61,65.91,4271.23,2183.38,33.83,Invoice,Critical,Delivered,no,3
SO-2024-00094,INV-000094,2024-05-17,2024-05-21,East,United States,Virginia,Richmond,Online,Consumer,Summit Technologies,Elena Cruz,Crest Air Purifier,Home Appliances,Air Quality,8,254.42,0.12,2035.36,1791.12,18.15,1328.39,462.73,25.83,Wire Transfer,Medium,Delivered,no,4
SO-2024-00095,INV-000095,2024-04-11,2024-04-13,South,United States,Florida,Miami,Marketplace,Enterprise,PrimeAxis Stores,Jordan Reed,Orbit Camera,Electronics,Security,27,200.63,0.12,5417.01,4766.97,53.00,3466.25,1300.72,27.29,Invoice,Critical,Processing,no,5
SO-2024-00096,INV-000096,2024-05-01,2024-05-06,West,United States,California,San Francisco,Marketplace,SMB,Greenline Foods,Priya Nair,Vertex Monitor,Electronics,Displays,4,345.87,0.03,1383.48,1341.98,65.31,1022.52,319.45,23.80,PayPal,Low,Delivered,no,3
SO-2024-00097,INV-000097,2024-04-25,2024-04-27,South,United States,Texas,Dallas,Retail,Consumer,BluePeak Partners,Priya Nair,Orbit Camera,Electronics,Security,7,211.09,0.10,1477.63,1329.87,30.71,977.71,352.16,26.48,Invoice,Low,Delivered,no,5
SO-2024-00098,INV-000098,2024-04-17,2024-04-23,South,United States,Texas,Dallas,Online,Consumer,Northwind Logistics,Marcus Lee,Pulse Headphones,Electronics,Accessories,21,201.73,0.08,4236.33,3897.42,40.02,2333.83,1563.60,40.12,ACH,Critical,Returned,yes,4
SO-2024-00099,INV-000099,2024-05-18,2024-05-23,West,United States,Washington,Seattle,Online,SMB,Lighthouse Logistics,Noah Bennett,Aurora Laptop,Electronics,Computers,11,1307.57,0.03,14383.27,13951.77,52.08,9814.72,4137.05,29.65,PayPal,Critical,Delivered,no,4
SO-2024-00100,INV-000100,2024-05-17,2024-05-19,East,United States,Pennsylvania,Philadelphia,Marketplace,Enterprise,Summit Foods,Daniel Brooks,Summit Desk,Furniture,Office,12,506.73,0.03,6080.76,5898.34,72.94,3837.00,2061.34,34.95,Wire Transfer,Critical,Delivered,no,3
SO-2024-00101,INV-000101,2024-04-25,2024-04-27,West,United States,Washington,Seattle,Inside Sales,SMB,Summit Services,Priya Nair,Harbor Chair,Furniture,Office,5,213.46,0.05,1067.30,1013.93,83.73,780.75,233.18,23.00,PayPal,Critical,Delivered,no,4
SO-2024-00102,INV-000102,2024-04-12,2024-04-13,West,United States,Washington,Seattle,Distributor,Consumer,Lighthouse Services,Anika Shah,Harbor Chair,Furniture,Office,14,241.73,0.00,3384.22,3384.22,29.86,1966.40,1417.82,41.90,Credit Card,Critical,Returned,yes,2
SO-2024-00103,INV-000103,2024-05-07,2024-05-10,East,United States,Pennsylvania,Philadelphia,Marketplace,Consumer,PrimeAxis Homes,Jordan Reed,Harbor Chair,Furniture,Office,3,235.21,0.08,705.63,649.18,58.63,474.08,175.10,26.97,Wire Transfer,Low,Processing,no,4
SO-2024-00104,INV-000104,2024-05-18,2024-05-21,East,United States,Pennsylvania,Philadelphia,Distributor,Government,Greenline Technologies,Priya Nair,Terra Blender,Home Appliances,Kitchen,26,118.36,0.08,3077.36,2831.17,54.26,2016.76,814.41,28.77,ACH,Medium,Returned,yes,3
SO-2024-00105,INV-000105,2024-04-24,2024-04-28,East,United States,Pennsylvania,Philadelphia,Distributor,Enterprise,Elevate Partners,Daniel Brooks,Crest Air Purifier,Home Appliances,Air Quality,21,299.15,0.03,6282.15,6093.69,61.28,3641.50,2452.19,40.24,Invoice,Low,Processing,no,4
SO-2024-00106,INV-000106,2024-05-29,2024-06-04,East,United States,Virginia,Richmond,Distributor,SMB,Northwind Services,Sana Khan,Crest Air Purifier,Home Appliances,Air Quality,2,288.82,0.03,577.64,560.31,92.27,444.29,116.02,20.71,Wire Transfer,Medium,Delivered,no,3
SO-2024-00107,INV-000107,2024-04-28,2024-04-29,North,United States,Massachusetts,Boston,Marketplace,SMB,Northwind Stores,Daniel Brooks,Crest Air Purifier,Home Appliances,Air Quality,16,268.28,0.00,4292.48,4292.48,46.28,2676.78,1615.70,37.64,PayPal,Critical,Processing,no,4
SO-2024-00108,INV-000108,2024-05-21,2024-05-24,West,United States,Washington,Seattle,Retail,SMB,Elevate Homes,Elena Cruz,Pulse Headphones,Electronics,Accessories,19,183.73,0.12,3490.87,3071.97,84.02,2102.81,969.15,31.55,ACH,High,Delivered,no,3
SO-2024-00109,INV-000109,2024-06-02,2024-06-04,East,United States,Virginia,Richmond,Marketplace,Government,BrightPath Logistics,Sana Khan,Harbor Chair,Furniture,Office,24,254.13,0.03,6099.12,5916.15,51.82,3454.10,2462.05,41.62,Invoice,Medium,Delivered,no,4
SO-2024-00110,INV-000110,2024-06-03,2024-06-04,East,United States,Virginia,Richmond,Retail,Enterprise,PrimeAxis Partners,Marcus Lee,Aurora Laptop,Electronics,Computers,13,1399.18,0.10,18189.34,16370.41,33.28,11144.27,5226.14,31.92,Wire Transfer,Low,Delivered,no,5
SO-2024-00111,INV-000111,2024-05-30,2024-06-01,South,United States,Florida,Miami,Distributor,Government,PrimeAxis Stores,Noah Bennett,Orbit Camera,Electronics,Security,3,198.43,0.03,595.29,577.43,71.54,438.98,138.45,23.98,Wire Transfer,High,Delivered,no,4
SO-2024-00112,INV-000112,2024-04-26,2024-05-02,North,United States,New York,New York,Online,Government,Cobalt Stores,Noah Bennett,Harbor Chair,Furniture,Office,20,224.75,0.10,4495.00,4045.50,72.02,3031.84,1013.66,25.06,Wire Transfer,High,Delivered,no,3
SO-2024-00113,INV-000113,2024-05-28,2024-06-02,East,United States,Virginia,Richmond,Distributor,Consumer,Greenline Foods,Marcus Lee,Aurora Laptop,Electronics,Computers,5,1400.63,0.03,7003.15,6793.06,35.62,4566.13,2226.93,32.78,Credit Card,High,Processing,no,3
SO-2024-00114,INV-000114,2024-06-07,2024-06-09,East,United States,Virginia,Richmond,Inside Sales,Enterprise,Cobalt Foods,Sana Khan,Vertex Monitor,Electronics,Displays,2,406.11,0.12,812.22,714.75,36.49,527.81,186.95,26.16,Credit Card,Medium,Processing,no,3
SO-2024-00115,INV-000115,2024-05-09,2024-05-10,East,United States,Pennsylvania,Philadelphia,Retail,Enterprise,BrightPath Technologies,Jordan Reed,Vertex Monitor,Electronics,Displays,10,371.32,0.05,3713.20,3527.54,74.56,2610.34,917.20,26.00,PayPal,High,Delivered,no,3
SO-2024-00116,INV-000116,2024-06-08,2024-06-09,East,United States,Virginia,Richmond,Marketplace,Consumer,Greenline Homes,Sana Khan,Apex Drill,Industrial,Tools,22,367.89,0.03,8093.58,7850.77,42.51,4600.15,3250.62,41.41,ACH,Critical,Processing,no,5
SO-2024-00117,INV-000117,2024-06-08,2024-06-13,South,United States,Florida,Miami,Marketplace,SMB,Northwind Foods,Priya Nair,Summit Desk,Furniture,Office,27,413.69,0.05,11169.63,10611.15,55.84,8048.03,2563.11,24.15,Wire Transfer,High,Delivered,no,5
SO-2024-00118,INV-000118,2024-06-09,2024-06-11,North,United States,Massachusetts,Boston,Distributor,Government,Greenline Foods,Anika Shah,Vertex Monitor,Electronics,Displays,24,390.98,0.00,9383.52,9383.52,86.61,5826.84,3556.68,37.90,ACH,Critical,Returned,yes,4
SO-2024-00119,INV-000119,2024-05-23,2024-05-26,North,United States,New York,New York,Online,Government,PrimeAxis Retail,Anika Shah,Harbor Chair,Furniture,Office,28,210.51,0.00,5894.28,5894.28,60.00,3790.44,2103.84,35.69,Invoice,Critical,Delivered,no,3
SO-2024-00120,INV-000120,2024-05-22,2024-05-26,West,United States,California,San Francisco,Retail,Government,Summit Logistics,Priya Nair,Pulse Headphones,Electronics,Accessories,16,209.05,0.05,3344.80,3177.56,43.18,1743.61,1433.95,45.13,Wire Transfer,Low,Delivered,no,3
SO-2024-00121,INV-000121,2024-06-12,2024-06-18,West,United States,Washington,Seattle,Online,Government,SilverOak Logistics,Anika Shah,Harbor Chair,Furniture,Office,19,236.68,0.05,4496.92,4272.07,80.34,2675.34,1596.74,37.38,Wire Transfer,Medium,Delivered,no,3
SO-2024-00122,INV-000122,2024-05-29,2024-06-03,North,United States,New York,New York,Marketplace,Consumer,Northwind Stores,Marcus Lee,Nimbus Tablet,Electronics,Mobile Devices,23,689.79,0.00,15865.17,15865.17,32.31,9357.19,6507.98,41.02,ACH,High,Delivered,no,5
SO-2024-00123,INV-000123,2024-05-17,2024-05-20,East,United States,Pennsylvania,Philadelphia,Distributor,Enterprise,Cobalt Foods,Daniel Brooks,Crest Air Purifier,Home Appliances,Air Quality,6,317.02,0.08,1902.12,1749.95,30.35,1028.40,721.55,41.23,PayPal,High,Delivered,no,5
SO-2024-00124,INV-000124,2024-05-12,2024-05-15,West,United States,California,San Francisco,Marketplace,Government,Lighthouse Retail,Sana Khan,Apex Drill,Industrial,Tools,14,305.25,0.08,4273.50,3931.62,51.30,3173.35,758.27,19.29,ACH,Medium,Delivered,no,4
SO-2024-00125,INV-000125,2024-05-17,2024-05-20,East,United States,Virginia,Richmond,Distributor,Enterprise,Northwind Partners,Jordan Reed,Summit Desk,Furniture,Office,22,413.36,0.05,9093.92,8639.22,82.31,6384.72,2254.50,26.10,Wire Transfer,Medium,Delivered,no,4
SO-2024-00126,INV-000126,2024-05-24,2024-05-25,East,United States,Pennsylvania,Philadelphia,Distributor,SMB,Elevate Supply,Daniel Brooks,Summit Desk,Furniture,Office,8,515.76,0.10,4126.08,3713.47,21.74,2570.42,1143.05,30.78,Invoice,Critical,Delivered,no,4
SO-2024-00127,INV-000127,2024-05-25,2024-05-28,East,United States,Pennsylvania,Philadelphia,Inside Sales,Government,SilverOak Technologies,Anika Shah,Orbit Camera,Electronics,Security,13,221.92,0.05,2884.96,2740.71,50.68,1780.96,959.75,35.02,ACH,Medium,Delivered,no,5
SO-2024-00128,INV-000128,2024-05-23,2024-05-28,North,United States,New York,New York,Inside Sales,Consumer,Lighthouse Foods,Noah Bennett,Pulse Headphones,Electronics,Accessories,20,194.78,0.05,3895.60,3700.82,36.50,2042.93,1657.89,44.80,PayPal,Critical,Delivered,no,3
SO-2024-00129,INV-000129,2024-05-16,2024-05-22,South,United States,Texas,Dallas,Distributor,SMB,Northwind Retail,Marcus Lee,Terra Blender,Home Appliances,Kitchen,19,129.90,0.08,2468.10,2270.65,94.20,1605.47,665.19,29.29,Credit Card,Medium,Delivered,no,3
SO-2024-00130,INV-000130,2024-06-01,2024-06-02,West,United States,Washington,Seattle,Distributor,Enterprise,PrimeAxis Foods,Anika Shah,Summit Desk,Furniture,Office,21,480.03,0.08,10080.63,9274.18,87.76,6525.07,2749.11,29.64,ACH,High,Returned,yes,4
SO-2024-00131,INV-000131,2024-06-11,2024-06-17,North,United States,New York,New York,Inside Sales,Consumer,Elevate Foods,Elena Cruz,Harbor Chair,Furniture,Office,23,237.08,0.00,5452.84,5452.84,20.88,3104.60,2348.24,43.06,PayPal,Low,Delivered,no,4
SO-2024-00132,INV-000132,2024-06-16,2024-06-18,West,United States,Washington,Seattle,Distributor,Government,BluePeak Industries,Noah Bennett,Apex Drill,Industrial,Tools,24,308.84,0.10,7412.16,6670.94,80.73,4967.89,1703.06,25.53,Credit Card,Low,Delivered,no,5
SO-2024-00133,INV-000133,2024-06-12,2024-06-16,North,United States,Massachusetts,Boston,Marketplace,Government,SilverOak Supply,Elena Cruz,Pulse Headphones,Electronics,Accessories,22,204.86,0.08,4506.92,4146.37,93.12,2509.60,1636.77,39.47,Credit Card,Low,Delivered,no,5
SO-2024-00134,INV-000134,2024-05-24,2024-05-27,North,United States,New York,New York,Marketplace,SMB,BrightPath Stores,Sana Khan,Harbor Chair,Furniture,Office,2,270.07,0.08,540.14,496.93,23.97,316.11,180.82,36.39,ACH,High,Delivered,no,4
SO-2024-00135,INV-000135,2024-06-15,2024-06-21,North,United States,Massachusetts,Boston,Inside Sales,Government,Summit Retail,Noah Bennett,Pulse Headphones,Electronics,Accessories,13,168.96,0.05,2196.48,2086.66,31.27,1316.33,770.33,36.92,Wire Transfer,High,Processing,no,5
SO-2024-00136,INV-000136,2024-05-26,2024-06-01,West,United States,California,San Francisco,Retail,Government,BluePeak Partners,Priya Nair,Apex Drill,Industrial,Tools,20,346.03,0.00,6920.60,6920.60,76.09,4256.96,2663.64,38.49,PayPal,High,Delivered,no,4
SO-2024-00137,INV-000137,2024-05-16,2024-05-19,North,United States,Massachusetts,Boston,Online,Consumer,BluePeak Retail,Jordan Reed,Nimbus Tablet,Electronics,Mobile Devices,16,631.85,0.03,10109.60,9806.31,20.49,6542.09,3264.23,33.29,ACH,High,Processing,no,4
SO-2024-00138,INV-000138,2024-06-12,2024-06-16,East,United States,Virginia,Richmond,Retail,Consumer,Cobalt Stores,Elena Cruz,Aurora Laptop,Electronics,Computers,26,1126.63,0.08,29292.38,26948.99,87.13,23617.13,3331.86,12.36,Invoice,Critical,Delivered,no,3
SO-2024-00139,INV-000139,2024-06-14,2024-06-17,South,United States,Texas,Dallas,Retail,Government,Elevate Services,Jordan Reed,Nimbus Tablet,Electronics,Mobile Devices,15,621.70,0.12,9325.50,8206.44,18.38,6256.67,1949.77,23.76,Wire Transfer,High,Processing,no,3
SO-2024-00140,INV-000140,2024-06-27,2024-07-01,East,United States,Pennsylvania,Philadelphia,Marketplace,SMB,BrightPath Technologies,Noah Bennett,Apex Drill,Industrial,Tools,27,363.27,0.05,9808.29,9317.88,39.78,6037.83,3280.05,35.20,Invoice,Medium,Delivered,no,4
SO-2024-00141,INV-000141,2024-07-03,2024-07-09,East,United States,Virginia,Richmond,Marketplace,SMB,Summit Logistics,Priya Nair,Terra Blender,Home Appliances,Kitchen,17,145.98,0.12,2481.66,2183.86,32.12,1296.57,887.29,40.63,ACH,Low,Processing,no,5
SO-2024-00142,INV-000142,2024-06-18,2024-06-21,South,United States,Florida,Miami,Inside Sales,SMB,BrightPath Supply,Sana Khan,Vertex Monitor,Electronics,Displays,28,401.79,0.12,11250.12,9900.11,82.37,7056.49,2843.62,28.72,PayPal,Low,Delivered,no,4
SO-2024-00143,INV-000143,2024-06-28,2024-07-02,West,United States,Washington,Seattle,Online,Enterprise,PrimeAxis Services,Marcus Lee,Crest Air Purifier,Home Appliances,Air Quality,19,282.27,0.12,5363.13,4719.55,69.41,3322.49,1397.07,29.60,Invoice,Medium,Delivered,no,5
SO-2024-00144,INV-000144,2024-06-28,2024-07-04,North,United States,New York,New York,Marketplace,SMB,BrightPath Supply,Noah Bennett,Crest Air Purifier,Home Appliances,Air Quality,23,292.43,0.12,6725.89,5918.78,39.52,4093.88,1824.90,30.83,Invoice,Critical,Delivered,no,4
SO-2024-00145,INV-000145,2024-06-15,2024-06-16,South,United States,Texas,Dallas,Inside Sales,Government,Summit Partners,Marcus Lee,Crest Air Purifier,Home Appliances,Air Quality,17,253.10,0.05,4302.70,4087.56,88.41,2843.10,1244.47,30.45,ACH,Critical,Delivered,no,4
SO-2024-00146,INV-000146,2024-06-22,2024-06-28,North,United States,Massachusetts,Boston,Retail,SMB,BluePeak Stores,Priya Nair,Vertex Monitor,Electronics,Displays,24,378.10,0.00,9074.40,9074.40,36.92,6025.03,3049.37,33.60,Invoice,Critical,Delivered,no,4
SO-2024-00147,INV-000147,2024-07-05,2024-07-07,West,United States,California,San Francisco,Distributor,Enterprise,Elevate Industries,Marcus Lee,Summit Desk,Furniture,Office,7,480.35,0.05,3362.45,3194.33,44.83,2209.95,984.37,30.82,Wire Transfer,High,Processing,no,5
SO-2024-00148,INV-000148,2024-06-30,2024-07-02,North,United States,Massachusetts,Boston,Marketplace,Government,Elevate Industries,Jordan Reed,Nimbus Tablet,Electronics,Mobile Devices,13,626.13,0.05,8139.69,7732.71,21.46,5702.50,2030.20,26.25,Invoice,High,Delivered,no,4
SO-2024-00149,INV-000149,2024-07-10,2024-07-16,South,United States,Texas,Dallas,Retail,Consumer,BrightPath Logistics,Priya Nair,Crest Air Purifier,Home Appliances,Air Quality,27,267.10,0.08,7211.70,6634.76,60.98,4753.29,1881.48,28.36,ACH,Critical,Delivered,no,4
SO-2024-00150,INV-000150,2024-07-04,2024-07-08,South,United States,Texas,Dallas,Distributor,Consumer,PrimeAxis Stores,Priya Nair,Crest Air Purifier,Home Appliances,Air Quality,15,258.99,0.10,3884.85,3496.37,56.60,2737.70,758.67,21.70,Wire Transfer,High,Delivered,no,4
SO-2024-00151,INV-000151,2024-06-21,2024-06-22,North,United States,New York,New York,Distributor,Government,Lighthouse Industries,Priya Nair,Crest Air Purifier,Home Appliances,Air Quality,17,255.42,0.12,4342.14,3821.08,43.87,2960.63,860.45,22.52,Credit Card,Low,Processing,no,3
SO-2024-00152,INV-000152,2024-06-17,2024-06-19,North,United States,New York,New York,Inside Sales,Consumer,Elevate Logistics,Anika Shah,Harbor Chair,Furniture,Office,19,228.26,0.12,4336.94,3816.51,49.96,2800.71,1015.80,26.62,PayPal,Medium,Delivered,no,4
SO-2024-00153,INV-000153,2024-06-20,2024-06-21,South,United States,Florida,Miami,Inside Sales,Government,SilverOak Services,Priya Nair,Nimbus Tablet,Electronics,Mobile Devices,16,615.47,0.12,9847.52,8665.82,79.79,6885.06,1780.76,20.55,ACH,Medium,Delivered,no,3
SO-2024-00154,INV-000154,2024-07-08,2024-07-11,North,United States,New York,New York,Retail,Government,PrimeAxis Logistics,Anika Shah,Summit Desk,Furniture,Office,19,437.46,0.08,8311.74,7646.80,25.98,6065.26,1581.55,20.68,Invoice,Medium,Delivered,no,5
SO-2024-00155,INV-000155,2024-06-12,2024-06-18,South,United States,Florida,Miami,Distributor,Enterprise,Cobalt Industries,Jordan Reed,Pulse Headphones,Electronics,Accessories,12,207.03,0.12,2484.36,2186.24,82.02,1314.74,871.50,39.86,PayPal,High,Delivered,no,5
SO-2024-00156,INV-000156,2024-07-05,2024-07-08,West,United States,Washington,Seattle,Distributor,SMB,BluePeak Foods,Sana Khan,Terra Blender,Home Appliances,Kitchen,20,113.60,0.12,2272.00,1999.36,82.31,1519.65,479.71,23.99,Wire Transfer,Critical,Delivered,no,4
SO-2024-00157,INV-000157,2024-06-26,2024-07-01,East,United States,Virginia,Richmond,Distributor,Enterprise,Northwind Logistics,Jordan Reed,Terra Blender,Home Appliances,Kitchen,20,117.90,0.12,2358.00,2075.04,52.28,1534.13,540.91,26.07,Wire Transfer,Critical,Delivered,no,4
SO-2024-00158,INV-000158,2024-06-18,2024-06-24,West,United States,California,San Francisco,Inside Sales,SMB,BrightPath Logistics,Anika Shah,Aurora Laptop,Electronics,Computers,6,1385.59,0.03,8313.54,8064.13,25.20,5427.71,2636.42,32.69,PayPal,High,Delivered,no,5
SO-2024-00159,INV-000159,2024-07-18,2024-07-19,West,United States,California,San Francisco,Inside Sales,Enterprise,Northwind Retail,Sana Khan,Summit Desk,Furniture,Office,24,415.28,0.00,9966.72,9966.72,51.57,6961.11,3005.61,30.16,Wire Transfer,Critical,Processing,no,3
SO-2024-00160,INV-000160,2024-06-13,2024-06-19,West,United States,California,San Francisco,Marketplace,Enterprise,Greenline Logistics,Priya Nair,Summit Desk,Furniture,Office,27,416.14,0.03,11235.78,10898.71,42.51,7974.94,2923.77,26.83,PayPal,High,Delivered,no,5
SO-2024-00161,INV-000161,2024-07-05,2024-07-10,South,United States,Texas,Dallas,Inside Sales,SMB,Summit Industries,Marcus Lee,Summit Desk,Furniture,Office,23,456.71,0.00,10504.33,10504.33,19.20,6614.60,3889.73,37.03,Invoice,Low,Processing,no,3
SO-2024-00162,INV-000162,2024-07-24,2024-07-25,East,United States,Virginia,Richmond,Distributor,Government,Northwind Supply,Jordan Reed,Orbit Camera,Electronics,Security,23,242.59,0.00,5579.57,5579.57,54.97,3014.24,2565.33,45.98,Wire Transfer,Critical,Delivered,no,5
SO-2024-00163,INV-000163,2024-07-14,2024-07-15,North,United States,Massachusetts,Boston,Online,Enterprise,Lighthouse Logistics,Anika Shah,Crest Air Purifier,Home Appliances,Air Quality,13,313.27,0.00,4072.51,4072.51,44.11,2346.84,1725.67,42.37,Invoice,Medium,Delivered,no,3
SO-2024-00164,INV-000164,2024-07-14,2024-07-17,West,United States,California,San Francisco,Inside Sales,Enterprise,BrightPath Logistics,Marcus Lee,Aurora Laptop,Electronics,Computers,22,1330.54,0.12,29271.88,25759.25,46.48,19343.62,6415.64,24.91,Wire Transfer,High,Delivered,no,4
SO-2024-00165,INV-000165,2024-07-02,2024-07-08,North,United States,Massachusetts,Boston,Marketplace,Enterprise,Lighthouse Services,Elena Cruz,Crest Air Purifier,Home Appliances,Air Quality,15,298.47,0.12,4477.05,3939.80,31.81,2510.10,1429.70,36.29,Wire Transfer,Low,Delivered,no,3
SO-2024-00166,INV-000166,2024-06-24,2024-06-28,North,United States,New York,New York,Inside Sales,Government,BluePeak Retail,Elena Cruz,Pulse Headphones,Electronics,Accessories,13,192.02,0.12,2496.26,2196.71,80.27,1394.48,802.23,36.52,ACH,Low,Delivered,no,4
SO-2024-00167,INV-000167,2024-07-16,2024-07-20,North,United States,Massachusetts,Boston,Retail,Enterprise,Elevate Logistics,Anika Shah,Crest Air Purifier,Home Appliances,Air Quality,18,271.64,0.05,4889.52,4645.04,83.33,3029.29,1615.76,34.78,Credit Card,Medium,Delivered,no,3
SO-2024-00168,INV-000168,2024-07-10,2024-07-12,East,United States,Pennsylvania,Philadelphia,Retail,Government,SilverOak Technologies,Daniel Brooks,Vertex Monitor,Electronics,Displays,7,425.28,0.12,2976.96,2619.72,14.94,1760.07,859.66,32.81,Invoice,Low,Processing,no,5
SO-2024-00169,INV-000169,2024-07-19,2024-07-25,North,United States,Massachusetts,Boston,Inside Sales,Enterprise,BrightPath Partners,Noah Bennett,Terra Blender,Home Appliances,Kitchen,3,119.54,0.12,358.62,315.59,54.81,269.15,46.43,14.71,Credit Card,High,Processing,no,3
SO-2024-00170,INV-000170,2024-07-27,2024-07-29,East,United States,Virginia,Richmond,Distributor,Enterprise,Greenline Retail,Marcus Lee,Harbor Chair,Furniture,Office,16,233.20,0.05,3731.20,3544.64,94.82,2420.08,1124.56,31.73,ACH,High,Delivered,no,5
SO-2024-00171,INV-000171,2024-06-19,2024-06-25,East,United States,Pennsylvania,Philadelphia,Retail,Consumer,Lighthouse Retail,Jordan Reed,Aurora Laptop,Electronics,Computers,14,1374.83,0.10,19247.62,17322.86,37.52,11616.69,5706.17,32.94,Credit Card,Medium,Processing,no,5
SO-2024-00172,INV-000172,2024-07-19,2024-07-25,East,United States,Pennsylvania,Philadelphia,Retail,Consumer,Cobalt Stores,Elena Cruz,Apex Drill,Industrial,Tools,4,339.20,0.08,1356.80,1248.26,23.08,912.13,336.12,26.93,Invoice,Critical,Delivered,no,5
SO-2024-00173,INV-000173,2024-07-19,2024-07-22,East,United States,Pennsylvania,Philadelphia,Distributor,Consumer,Greenline Homes,Sana Khan,Terra Blender,Home Appliances,Kitchen,9,116.03,0.00,1044.27,1044.27,23.30,724.21,320.06,30.65,Credit Card,High,Delivered,no,3
SO-2024-00174,INV-000174,2024-07-21,2024-07-24,East,United States,Virginia,Richmond,Retail,Enterprise,SilverOak Technologies,Marcus Lee,Vertex Monitor,Electronics,Displays,5,342.43,0.12,1712.15,1506.69,68.94,1318.76,187.94,12.47,Invoice,Critical,Delivered,no,5
SO-2024-00175,INV-000175,2024-07-09,2024-07-11,East,United States,Virginia,Richmond,Online,Enterprise,BluePeak Stores,Anika Shah,Aurora Laptop,Electronics,Computers,2,1408.30,0.12,2816.60,2478.61,49.53,1813.14,665.47,26.85,Wire Transfer,Medium,Processing,no,3
SO-2024-00176,INV-000176,2024-08-06,2024-08-12,East,United States,Pennsylvania,Philadelphia,Distributor,SMB,BluePeak Supply,Jordan Reed,Apex Drill,Industrial,Tools,22,296.71,0.08,6527.62,6005.41,33.48,4919.27,1086.14,18.09,Invoice,Low,Returned,yes,2
SO-2024-00177,INV-000177,2024-07-05,2024-07-10,North,United States,New York,New York,Inside Sales,Consumer,SilverOak Stores,Noah Bennett,Vertex Monitor,Electronics,Displays,15,414.49,0.05,6217.35,5906.48,53.18,3614.16,2292.32,38.81,Wire Transfer,Low,Delivered,no,5
SO-2024-00178,INV-000178,2024-08-06,2024-08-09,South,United States,Florida,Miami,Retail,Enterprise,SilverOak Foods,Sana Khan,Crest Air Purifier,Home Appliances,Air Quality,17,275.41,0.08,4681.97,4307.41,51.76,2807.08,1500.33,34.83,Invoice,Critical,Processing,no,5
SO-2024-00179,INV-000179,2024-08-02,2024-08-07,East,United States,Pennsylvania,Philadelphia,Distributor,Consumer,BrightPath Retail,Marcus Lee,Vertex Monitor,Electronics,Displays,12,371.79,0.00,4461.48,4461.48,14.16,2935.80,1525.68,34.20,Wire Transfer,Low,Returned,yes,2
SO-2024-00180,INV-000180,2024-08-01,2024-08-07,East,United States,Virginia,Richmond,Marketplace,Consumer,Greenline Supply,Daniel Brooks,Summit Desk,Furniture,Office,3,495.10,0.00,1485.30,1485.30,59.78,1013.74,471.56,31.75,ACH,Low,Delivered,no,5
SO-2024-00181,INV-000181,2024-08-04,2024-08-06,South,United States,Texas,Dallas,Marketplace,SMB,Northwind Supply,Anika Shah,Terra Blender,Home Appliances,Kitchen,28,146.66,0.05,4106.48,3901.16,57.00,2089.77,1811.39,46.43,ACH,Critical,Returned,yes,2
SO-2024-00182,INV-000182,2024-07-08,2024-07-11,South,United States,Florida,Miami,Online,Consumer,Elevate Stores,Jordan Reed,Terra Blender,Home Appliances,Kitchen,24,119.47,0.12,2867.28,2523.21,82.08,1856.00,667.20,26.44,Invoice,Critical,Returned,yes,4
SO-2024-00183,INV-000183,2024-07-20,2024-07-23,East,United States,Pennsylvania,Philadelphia,Marketplace,Consumer,Greenline Foods,Marcus Lee,Nimbus Tablet,Electronics,Mobile Devices,6,735.79,0.10,4414.74,3973.27,90.74,2749.39,1223.87,30.80,ACH,Medium,Delivered,no,4
SO-2024-00184,INV-000184,2024-07-10,2024-07-12,East,United States,Virginia,Richmond,Inside Sales,SMB,Greenline Services,Jordan Reed,Harbor Chair,Furniture,Office,25,210.43,0.10,5260.75,4734.68,90.74,3564.86,1169.81,24.71,PayPal,Medium,Delivered,no,4
SO-2024-00185,INV-000185,2024-07-25,2024-07-28,South,United States,Florida,Miami,Inside Sales,SMB,Lighthouse Retail,Marcus Lee,Nimbus Tablet,Electronics,Mobile Devices,7,678.47,0.00,4749.29,4749.29,80.20,3138.98,1610.31,33.91,Credit Card,High,Delivered,no,4
SO-2024-00186,INV-000186,2024-07-07,2024-07-11,North,United States,New York,New York,Marketplace,SMB,BluePeak Homes,Priya Nair,Nimbus Tablet,Electronics,Mobile Devices,16,694.74,0.00,11115.84,11115.84,85.42,6934.24,4181.60,37.62,PayPal,Low,Processing,no,3
SO-2024-00187,INV-000187,2024-07-25,2024-07-28,North,United States,New York,New York,Marketplace,Government,Summit Services,Anika Shah,Harbor Chair,Furniture,Office,5,214.93,0.00,1074.65,1074.65,85.70,761.42,313.23,29.15,PayPal,Medium,Delivered,no,5
SO-2024-00188,INV-000188,2024-07-09,2024-07-10,South,United States,Texas,Dallas,Retail,Enterprise,BrightPath Partners,Anika Shah,Apex Drill,Industrial,Tools,12,307.10,0.00,3685.20,3685.20,45.97,2632.73,1052.47,28.56,PayPal,Critical,Delivered,no,3
SO-2024-00189,INV-000189,2024-07-07,2024-07-11,East,United States,Pennsylvania,Philadelphia,Online,Government,Greenline Partners,Jordan Reed,Aurora Laptop,Electronics,Computers,4,1194.77,0.10,4779.08,4301.17,63.88,3483.15,818.02,19.02,Invoice,Critical,Delivered,no,4
SO-2024-00190,INV-000190,2024-07-13,2024-07-19,East,United States,Virginia,Richmond,Inside Sales,SMB,Lighthouse Homes,Elena Cruz,Vertex Monitor,Electronics,Displays,19,371.71,0.03,7062.49,6850.62,85.50,4588.91,2261.71,33.01,ACH,Low,Delivered,no,3
SO-2024-00191,INV-000191,2024-08-20,2024-08-23,North,United States,Massachusetts,Boston,Marketplace,SMB,PrimeAxis Homes,Noah Bennett,Nimbus Tablet,Electronics,Mobile Devices,27,662.48,0.12,17886.96,15740.52,60.95,11700.69,4039.83,25.67,Invoice,Low,Processing,no,4
SO-2024-00192,INV-000192,2024-07-17,2024-07-21,South,United States,Texas,Dallas,Retail,SMB,BluePeak Industries,Elena Cruz,Aurora Laptop,Electronics,Computers,7,1407.32,0.00,9851.24,9851.24,92.69,6307.94,3543.30,35.97,Invoice,Low,Processing,no,3
SO-2024-00193,INV-000193,2024-08-15,2024-08-18,West,United States,California,San Francisco,Retail,SMB,BluePeak Industries,Jordan Reed,Apex Drill,Industrial,Tools,10,333.97,0.12,3339.70,2938.94,13.03,2205.53,733.40,24.95,Credit Card,Low,Processing,no,4
SO-2024-00194,INV-000194,2024-08-07,2024-08-10,East,United States,Pennsylvania,Philadelphia,Distributor,Enterprise,Elevate Services,Sana Khan,Orbit Camera,Electronics,Security,14,230.00,0.08,3220.00,2962.40,62.54,1763.91,1198.49,40.46,Invoice,Medium,Delivered,no,3
SO-2024-00195,INV-000195,2024-08-05,2024-08-06,East,United States,Virginia,Richmond,Inside Sales,Government,SilverOak Stores,Daniel Brooks,Vertex Monitor,Electronics,Displays,12,414.07,0.03,4968.84,4819.77,37.81,3042.96,1776.81,36.87,Invoice,Critical,Delivered,no,5
SO-2024-00196,INV-000196,2024-08-11,2024-08-13,South,United States,Florida,Miami,Marketplace,Government,BluePeak Partners,Priya Nair,Nimbus Tablet,Electronics,Mobile Devices,28,639.83,0.05,17915.24,17019.48,75.04,12588.42,4431.06,26.04,ACH,Low,Delivered,no,3
SO-2024-00197,INV-000197,2024-07-18,2024-07-20,South,United States,Florida,Miami,Retail,Consumer,BluePeak Retail,Noah Bennett,Summit Desk,Furniture,Office,3,458.39,0.03,1375.17,1333.91,70.48,949.18,384.74,28.84,ACH,Critical,Processing,no,3
SO-2024-00198,INV-000198,2024-08-07,2024-08-09,East,United States,Pennsylvania,Philadelphia,Marketplace,SMB,Northwind Stores,Marcus Lee,Vertex Monitor,Electronics,Displays,28,421.66,0.10,11806.48,10625.83,80.96,6496.32,4129.51,38.86,Wire Transfer,Medium,Returned,yes,3
SO-2024-00199,INV-000199,2024-08-29,2024-08-30,North,United States,New York,New York,Distributor,Consumer,BrightPath Industries,Noah Bennett,Apex Drill,Industrial,Tools,17,367.49,0.10,6247.33,5622.60,26.38,3796.67,1825.93,32.47,Invoice,Medium,Delivered,no,4
SO-2024-00200,INV-000200,2024-08-24,2024-08-25,West,United States,California,San Francisco,Distributor,Enterprise,BrightPath Logistics,Daniel Brooks,Harbor Chair,Furniture,Office,2,242.11,0.10,484.22,435.80,92.22,384.98,50.82,11.66,Invoice,High,Delivered,no,4
SO-2024-00201,INV-000201,2024-07-31,2024-08-02,East,United States,Virginia,Richmond,Distributor,Consumer,Greenline Retail,Elena Cruz,Harbor Chair,Furniture,Office,18,257.89,0.00,4642.02,4642.02,78.85,2702.66,1939.36,41.78,PayPal,Critical,Delivered,no,4
SO-2024-00202,INV-000202,2024-08-10,2024-08-16,South,United States,Florida,Miami,Retail,SMB,PrimeAxis Partners,Elena Cruz,Aurora Laptop,Electronics,Computers,24,1171.33,0.08,28111.92,25862.97,64.98,20569.48,5293.49,20.47,Credit Card,Critical,Delivered,no,3
SO-2024-00203,INV-000203,2024-09-02,2024-09-05,South,United States,Texas,Dallas,Marketplace,Consumer,Summit Partners,Noah Bennett,Harbor Chair,Furniture,Office,22,215.87,0.03,4749.14,4606.67,30.54,3262.58,1344.09,29.18,Credit Card,Critical,Delivered,no,3
SO-2024-00204,INV-000204,2024-08-21,2024-08-23,North,United States,Massachusetts,Boston,Retail,Consumer,Greenline Stores,Sana Khan,Crest Air Purifier,Home Appliances,Air Quality,18,254.21,0.10,4575.78,4118.20,43.68,3037.06,1081.14,26.25,ACH,Critical,Returned,yes,2
SO-2024-00205,INV-000205,2024-07-28,2024-08-01,South,United States,Texas,Dallas,Retail,Government,Greenline Services,Jordan Reed,Terra Blender,Home Appliances,Kitchen,12,134.68,0.00,1616.16,1616.16,38.01,896.67,719.49,44.52,Wire Transfer,Critical,Delivered,no,5
SO-2024-00206,INV-000206,2024-08-20,2024-08-24,West,United States,California,San Francisco,Retail,Enterprise,Summit Foods,Anika Shah,Apex Drill,Industrial,Tools,14,289.92,0.08,4058.88,3734.17,28.55,2982.58,751.59,20.13,Wire Transfer,Medium,Returned,yes,4
SO-2024-00207,INV-000207,2024-08-02,2024-08-03,East,United States,Virginia,Richmond,Marketplace,Consumer,Lighthouse Foods,Sana Khan,Terra Blender,Home Appliances,Kitchen,14,130.40,0.03,1825.60,1770.83,25.86,1122.84,647.99,36.59,Wire Transfer,High,Delivered,no,4
SO-2024-00208,INV-000208,2024-08-05,2024-08-09,South,United States,Florida,Miami,Online,Consumer,PrimeAxis Stores,Anika Shah,Terra Blender,Home Appliances,Kitchen,2,121.18,0.10,242.36,218.12,93.75,239.58,-21.46,-9.84,PayPal,High,Returned,yes,4
SO-2024-00209,INV-000209,2024-09-03,2024-09-04,North,United States,New York,New York,Inside Sales,Government,BluePeak Foods,Priya Nair,Crest Air Purifier,Home Appliances,Air Quality,23,253.36,0.12,5827.28,5128.01,13.64,4018.92,1109.09,21.63,Wire Transfer,Low,Processing,no,4
SO-2024-00210,INV-000210,2024-09-08,2024-09-13,North,United States,Massachusetts,Boston,Online,Government,BrightPath Logistics,Marcus Lee,Apex Drill,Industrial,Tools,10,342.79,0.10,3427.90,3085.11,23.38,2248.70,836.41,27.11,ACH,Medium,Delivered,no,4
SO-2024-00211,INV-000211,2024-08-20,2024-08-26,South,United States,Florida,Miami,Online,Enterprise,Summit Supply,Jordan Reed,Orbit Camera,Electronics,Security,15,209.54,0.00,3143.10,3143.10,57.50,2078.37,1064.73,33.88,Credit Card,Critical,Processing,no,3
SO-2024-00212,INV-000212,2024-08-05,2024-08-08,North,United States,Massachusetts,Boston,Inside Sales,Government,BrightPath Technologies,Jordan Reed,Nimbus Tablet,Electronics,Mobile Devices,22,610.13,0.03,13422.86,13020.17,33.92,8959.85,4060.33,31.18,Credit Card,Low,Delivered,no,3
SO-2024-00213,INV-000213,2024-08-21,2024-08-24,South,United States,Texas,Dallas,Distributor,Government,BluePeak Industries,Elena Cruz,Pulse Headphones,Electronics,Accessories,16,213.25,0.03,3412.00,3309.64,84.91,1669.83,1639.81,49.55,PayPal,Critical,Delivered,no,4
SO-2024-00214,INV-000214,2024-08-09,2024-08-15,North,United States,Massachusetts,Boston,Distributor,Consumer,Greenline Services,Anika Shah,Pulse Headphones,Electronics,Accessories,25,169.20,0.12,4230.00,3722.40,25.23,2600.53,1121.87,30.14,Wire Transfer,Critical,Processing,no,4
SO-2024-00215,INV-000215,2024-08-30,2024-08-31,West,United States,California,San Francisco,Marketplace,Enterprise,Summit Foods,Sana Khan,Nimbus Tablet,Electronics,Mobile Devices,4,615.26,0.03,2461.04,2387.21,13.03,1800.89,586.32,24.56,Wire Transfer,Critical,Delivered,no,4
SO-2024-00216,INV-000216,2024-09-07,2024-09-12,South,United States,Texas,Dallas,Inside Sales,SMB,BluePeak Homes,Daniel Brooks,Apex Drill,Industrial,Tools,3,290.52,0.00,871.56,871.56,53.96,694.24,177.32,20.35,Invoice,Low,Delivered,no,5
SO-2024-00217,INV-000217,2024-08-29,2024-08-31,West,United States,California,San Francisco,Online,Enterprise,BluePeak Homes,Sana Khan,Summit Desk,Furniture,Office,4,458.71,0.12,1834.84,1614.66,59.56,1204.82,409.84,25.38,PayPal,Low,Delivered,no,5
SO-2024-00218,INV-000218,2024-08-10,2024-08-15,North,United States,New York,New York,Retail,Government,Summit Retail,Daniel Brooks,Orbit Camera,Electronics,Security,21,229.02,0.08,4809.42,4424.67,58.67,2806.68,1617.99,36.57,ACH,Critical,Delivered,no,5
SO-2024-00219,INV-000219,2024-08-13,2024-08-14,West,United States,Washington,Seattle,Inside Sales,Enterprise,PrimeAxis Foods,Anika Shah,Terra Blender,Home Appliances,Kitchen,26,135.62,0.00,3526.12,3526.12,40.33,2078.97,1447.15,41.04,Wire Transfer,Critical,Delivered,no,3
SO-2024-00220,INV-000220,2024-08-23,2024-08-28,North,United States,Massachusetts,Boston,Online,Enterprise,BluePeak Industries,Noah Bennett,Apex Drill,Industrial,Tools,8,305.56,0.12,2444.48,2151.14,44.61,1749.55,401.59,18.67,PayPal,Medium,Delivered,no,4
SO-2024-00221,INV-000221,2024-09-12,2024-09-16,North,United States,New York,New York,Distributor,Consumer,Greenline Logistics,Sana Khan,Aurora Laptop,Electronics,Computers,28,1289.13,0.08,36095.64,33207.99,76.83,25224.93,7983.06,24.04,PayPal,Medium,Delivered,no,4
SO-2024-00222,INV-000222,2024-08-27,2024-08-31,East,United States,Pennsylvania,Philadelphia,Retail,SMB,PrimeAxis Supply,Elena Cruz,Apex Drill,Industrial,Tools,27,300.93,0.05,8125.11,7718.85,62.01,6108.34,1610.51,20.86,Invoice,Medium,Delivered,no,5
SO-2024-00223,INV-000223,2024-09-24,2024-09-25,East,United States,Pennsylvania,Philadelphia,Marketplace,Enterprise,Cobalt Retail,Anika Shah,Pulse Headphones,Electronics,Accessories,26,183.63,0.05,4774.38,4535.66,60.37,2906.29,1629.37,35.92,PayPal,Medium,Delivered,no,3
SO-2024-00224,INV-000224,2024-08-28,2024-08-30,South,United States,Florida,Miami,Online,SMB,Summit Homes,Sana Khan,Aurora Laptop,Electronics,Computers,11,1321.04,0.00,14531.44,14531.44,81.67,9717.80,4813.64,33.13,Wire Transfer,High,Delivered,no,5
SO-2024-00225,INV-000225,2024-09-05,2024-09-09,West,United States,California,San Francisco,Retail,Consumer,Elevate Homes,Marcus Lee,Aurora Laptop,Electronics,Computers,27,1416.01,0.03,38232.27,37085.30,92.16,22011.39,15073.91,40.65,Wire Transfer,High,Delivered,no,4
SO-2024-00226,INV-000226,2024-08-24,2024-08-26,North,United States,Massachusetts,Boston,Online,Consumer,Elevate Partners,Noah Bennett,Pulse Headphones,Electronics,Accessories,25,191.57,0.05,4789.25,4549.79,15.37,2548.78,2001.01,43.98,Wire Transfer,Low,Delivered,no,3
SO-2024-00227,INV-000227,2024-09-23,2024-09-28,North,United States,New York,New York,Retail,Enterprise,PrimeAxis Supply,Priya Nair,Terra Blender,Home Appliances,Kitchen,28,135.72,0.05,3800.16,3610.15,77.56,2203.47,1406.68,38.96,PayPal,Critical,Delivered,no,3
SO-2024-00228,INV-000228,2024-08-28,2024-09-03,South,United States,Florida,Miami,Distributor,SMB,BluePeak Technologies,Marcus Lee,Terra Blender,Home Appliances,Kitchen,12,124.62,0.03,1495.44,1450.58,30.13,962.81,487.76,33.63,Credit Card,High,Delivered,no,4
SO-2024-00229,INV-000229,2024-09-01,2024-09-06,West,United States,California,San Francisco,Inside Sales,SMB,Lighthouse Retail,Daniel Brooks,Nimbus Tablet,Electronics,Mobile Devices,25,618.84,0.08,15471.00,14233.32,80.24,10632.69,3600.63,25.30,ACH,Low,Processing,no,3
SO-2024-00230,INV-000230,2024-09-26,2024-09-27,North,United States,New York,New York,Online,SMB,PrimeAxis Industries,Anika Shah,Pulse Headphones,Electronics,Accessories,8,199.26,0.12,1594.08,1402.79,29.69,880.16,522.63,37.26,PayPal,High,Delivered,no,3
SO-2024-00231,INV-000231,2024-08-21,2024-08-23,North,United States,Massachusetts,Boston,Distributor,Consumer,Lighthouse Industries,Anika Shah,Nimbus Tablet,Electronics,Mobile Devices,27,613.63,0.00,16568.01,16568.01,59.72,11255.90,5312.11,32.06,PayPal,Low,Processing,no,5
SO-2024-00232,INV-000232,2024-09-25,2024-09-26,North,United States,Massachusetts,Boston,Inside Sales,Government,Elevate Logistics,Sana Khan,Aurora Laptop,Electronics,Computers,24,1374.58,0.03,32989.92,32000.22,89.03,19699.39,12300.83,38.44,PayPal,Low,Delivered,no,4
SO-2024-00233,INV-000233,2024-08-28,2024-09-03,South,United States,Florida,Miami,Marketplace,SMB,Northwind Foods,Jordan Reed,Pulse Headphones,Electronics,Accessories,14,205.47,0.12,2876.58,2531.39,57.30,1592.71,938.68,37.08,Credit Card,Low,Delivered,no,5
SO-2024-00234,INV-000234,2024-09-24,2024-09-29,West,United States,California,San Francisco,Retail,Consumer,Greenline Stores,Marcus Lee,Crest Air Purifier,Home Appliances,Air Quality,4,267.62,0.10,1070.48,963.43,73.54,773.01,190.42,19.76,Credit Card,Medium,Delivered,no,5
SO-2024-00235,INV-000235,2024-09-26,2024-09-30,North,United States,New York,New York,Retail,SMB,Summit Technologies,Jordan Reed,Crest Air Purifier,Home Appliances,Air Quality,22,285.39,0.03,6278.58,6090.22,67.75,3705.31,2384.91,39.16,Invoice,Low,Processing,no,3
SO-2024-00236,INV-000236,2024-09-20,2024-09-23,West,United States,Washington,Seattle,Online,Consumer,Cobalt Stores,Marcus Lee,Terra Blender,Home Appliances,Kitchen,21,135.64,0.10,2848.44,2563.60,60.49,1657.79,905.80,35.33,Wire Transfer,Critical,Delivered,no,4
SO-2024-00237,INV-000237,2024-10-06,2024-10-12,South,United States,Texas,Dallas,Online,Consumer,Greenline Services,Priya Nair,Terra Blender,Home Appliances,Kitchen,12,142.96,0.05,1715.52,1629.74,48.96,984.00,645.74,39.62,ACH,Medium,Delivered,no,4
SO-2024-00238,INV-000238,2024-08-26,2024-08-31,North,United States,Massachusetts,Boston,Marketplace,Government,PrimeAxis Partners,Priya Nair,Nimbus Tablet,Electronics,Mobile Devices,22,576.38,0.08,12680.36,11665.93,60.05,9783.34,1882.59,16.14,Invoice,Critical,Delivered,no,3
SO-2024-00239,INV-000239,2024-09-03,2024-09-07,East,United States,Virginia,Richmond,Distributor,SMB,PrimeAxis Stores,Priya Nair,Crest Air Purifier,Home Appliances,Air Quality,18,282.55,0.05,5085.90,4831.61,42.20,2931.78,1899.82,39.32,ACH,Medium,Delivered,no,5
SO-2024-00240,INV-000240,2024-08-29,2024-08-31,East,United States,Pennsylvania,Philadelphia,Distributor,Enterprise,Cobalt Homes,Anika Shah,Vertex Monitor,Electronics,Displays,26,381.57,0.00,9920.82,9920.82,33.94,6096.81,3824.01,38.55,Invoice,Low,Delivered,no,5
SO-2024-00241,INV-000241,2024-09-13,2024-09-18,East,United States,Virginia,Richmond,Distributor,SMB,PrimeAxis Partners,Sana Khan,Orbit Camera,Electronics,Security,19,225.18,0.05,4278.42,4064.50,66.26,2469.44,1595.06,39.24,Invoice,High,Delivered,no,4
SO-2024-00242,INV-000242,2024-09-30,2024-10-02,North,United States,New York,New York,Online,SMB,Summit Services,Sana Khan,Vertex Monitor,Electronics,Displays,16,349.84,0.00,5597.44,5597.44,54.71,3806.91,1790.53,31.99,Invoice,Low,Delivered,no,4
SO-2024-00243,INV-000243,2024-09-12,2024-09-17,West,United States,Washington,Seattle,Online,SMB,Greenline Foods,Anika Shah,Vertex Monitor,Electronics,Displays,7,397.30,0.05,2781.10,2642.04,13.86,1608.33,1033.71,39.13,Wire Transfer,High,Delivered,no,3
SO-2024-00244,INV-000244,2024-10-08,2024-10-13,West,United States,California,San Francisco,Distributor,Government,Lighthouse Services,Priya Nair,Orbit Camera,Electronics,Security,22,193.78,0.10,4263.16,3836.84,72.42,3006.74,830.11,21.64,Wire Transfer,Critical,Delivered,no,5
SO-2024-00245,INV-000245,2024-10-10,2024-10-16,South,United States,Texas,Dallas,Distributor,SMB,SilverOak Industries,Jordan Reed,Pulse Headphones,Electronics,Accessories,18,179.32,0.10,3227.76,2904.98,68.90,2034.67,870.31,29.96,Credit Card,Medium,Delivered,no,5
SO-2024-00246,INV-000246,2024-09-11,2024-09-16,West,United States,California,San Francisco,Retail,Enterprise,BluePeak Homes,Sana Khan,Orbit Camera,Electronics,Security,5,202.82,0.08,1014.10,932.97,61.78,732.94,200.03,21.44,ACH,Critical,Delivered,no,4
SO-2024-00247,INV-000247,2024-09-17,2024-09-21,West,United States,California,San Francisco,Inside Sales,Government,Cobalt Stores,Marcus Lee,Aurora Laptop,Electronics,Computers,27,1348.74,0.03,36415.98,35323.50,60.89,23851.47,11472.03,32.48,Credit Card,High,Delivered,no,5
SO-2024-00248,INV-000248,2024-09-20,2024-09-22,West,United States,California,San Francisco,Distributor,Consumer,SilverOak Technologies,Jordan Reed,Orbit Camera,Electronics,Security,2,233.10,0.12,466.20,410.26,12.59,270.31,139.94,34.11,Wire Transfer,Critical,Processing,no,5
SO-2024-00249,INV-000249,2024-09-21,2024-09-26,East,United States,Virginia,Richmond,Distributor,SMB,PrimeAxis Foods,Daniel Brooks,Crest Air Purifier,Home Appliances,Air Quality,15,286.48,0.08,4297.20,3953.42,34.87,2644.26,1309.16,33.11,ACH,Critical,Processing,no,4
SO-2024-00250,INV-000250,2024-10-21,2024-10-25,East,United States,Pennsylvania,Philadelphia,Marketplace,Government,BluePeak Supply,Daniel Brooks,Harbor Chair,Furniture,Office,25,218.90,0.12,5472.50,4815.80,66.72,3688.32,1127.48,23.41,ACH,Low,Delivered,no,3
SO-2024-00251,INV-000251,2024-09-12,2024-09-14,North,United States,New York,New York,Marketplace,Consumer,Cobalt Industries,Anika Shah,Apex Drill,Industrial,Tools,17,368.72,0.05,6268.24,5954.83,19.32,3559.23,2395.60,40.23,Wire Transfer,Critical,Delivered,no,4
SO-2024-00252,INV-000252,2024-10-20,2024-10-25,South,United States,Florida,Miami,Retail,Enterprise,Northwind Technologies,Priya Nair,Aurora Laptop,Electronics,Computers,11,1162.36,0.12,12785.96,11251.64,61.76,9504.09,1747.55,15.53,Credit Card,High,Delivered,no,4
SO-2024-00253,INV-000253,2024-10-04,2024-10-09,West,United States,California,San Francisco,Retail,SMB,Summit Partners,Noah Bennett,Terra Blender,Home Appliances,Kitchen,8,130.89,0.10,1047.12,942.41,70.40,704.02,238.39,25.30,PayPal,Low,Delivered,no,4
SO-2024-00254,INV-000254,2024-10-12,2024-10-13,West,United States,California,San Francisco,Inside Sales,Government,PrimeAxis Services,Sana Khan,Pulse Headphones,Electronics,Accessories,19,169.88,0.03,3227.72,3130.89,40.22,1927.91,1202.98,38.42,ACH,Critical,Delivered,no,3
SO-2024-00255,INV-000255,2024-10-24,2024-10-28,West,United States,Washington,Seattle,Distributor,Consumer,SilverOak Technologies,Anika Shah,Terra Blender,Home Appliances,Kitchen,20,142.43,0.05,2848.60,2706.17,21.65,1454.45,1251.72,46.25,Invoice,Medium,Delivered,no,4
SO-2024-00256,INV-000256,2024-10-25,2024-10-31,West,United States,California,San Francisco,Distributor,SMB,Greenline Supply,Marcus Lee,Nimbus Tablet,Electronics,Mobile Devices,28,628.83,0.08,17607.24,16198.66,89.31,12051.43,4147.24,25.60,Wire Transfer,High,Delivered,no,3
SO-2024-00257,INV-000257,2024-09-28,2024-10-03,South,United States,Florida,Miami,Marketplace,Enterprise,Elevate Retail,Noah Bennett,Summit Desk,Furniture,Office,13,422.54,0.00,5493.02,5493.02,21.95,3739.67,1753.35,31.92,Invoice,High,Processing,no,4
SO-2024-00258,INV-000258,2024-10-15,2024-10-17,East,United States,Virginia,Richmond,Online,Consumer,Lighthouse Foods,Sana Khan,Crest Air Purifier,Home Appliances,Air Quality,26,311.97,0.03,8111.22,7867.88,45.02,4604.21,3263.68,41.48,Wire Transfer,Critical,Processing,no,3
SO-2024-00259,INV-000259,2024-10-05,2024-10-11,West,United States,Washington,Seattle,Inside Sales,SMB,Greenline Foods,Elena Cruz,Orbit Camera,Electronics,Security,2,193.39,0.00,386.78,386.78,43.49,288.46,98.32,25.42,PayPal,High,Delivered,no,4
SO-2024-00260,INV-000260,2024-10-13,2024-10-15,West,United States,Washington,Seattle,Online,Consumer,Elevate Supply,Marcus Lee,Pulse Headphones,Electronics,Accessories,15,200.75,0.03,3011.25,2920.91,42.30,1584.65,1336.26,45.75,ACH,Critical,Delivered,no,4
SO-2024-00261,INV-000261,2024-09-26,2024-09-30,South,United States,Texas,Dallas,Inside Sales,Enterprise,Lighthouse Partners,Sana Khan,Summit Desk,Furniture,Office,27,405.08,0.05,10937.16,10390.30,53.47,8651.43,1738.87,16.74,Credit Card,Medium,Delivered,no,3
SO-2024-00262,INV-000262,2024-10-18,2024-10-24,East,United States,Virginia,Richmond,Distributor,Enterprise,Summit Retail,Daniel Brooks,Summit Desk,Furniture,Office,5,457.61,0.03,2288.05,2219.41,33.56,1513.33,706.07,31.81,ACH,Medium,Delivered,no,5
SO-2024-00263,INV-000263,2024-10-07,2024-10-10,South,United States,Texas,Dallas,Retail,Consumer,Lighthouse Stores,Sana Khan,Crest Air Purifier,Home Appliances,Air Quality,12,294.35,0.05,3532.20,3355.59,76.30,2107.62,1247.97,37.19,ACH,Critical,Delivered,no,3
SO-2024-00264,INV-000264,2024-10-11,2024-10-13,South,United States,Texas,Dallas,Marketplace,Government,Summit Services,Sana Khan,Nimbus Tablet,Electronics,Mobile Devices,12,624.59,0.03,7495.08,7270.23,70.97,5275.51,1994.72,27.44,Wire Transfer,Medium,Processing,no,3
SO-2024-00265,INV-000265,2024-11-02,2024-11-05,South,United States,Florida,Miami,Online,Government,PrimeAxis Retail,Jordan Reed,Pulse Headphones,Electronics,Accessories,25,200.75,0.00,5018.75,5018.75,29.48,2598.98,2419.77,48.21,Credit Card,High,Processing,no,5
SO-2024-00266,INV-000266,2024-11-02,2024-11-06,North,United States,Massachusetts,Boston,Inside Sales,Consumer,Northwind Retail,Noah Bennett,Pulse Headphones,Electronics,Accessories,11,177.59,0.10,1953.49,1758.14,35.59,1197.06,561.08,31.91,PayPal,High,Delivered,no,5
SO-2024-00267,INV-000267,2024-11-06,2024-11-11,South,United States,Texas,Dallas,Marketplace,SMB,Summit Homes,Jordan Reed,Vertex Monitor,Electronics,Displays,7,391.74,0.05,2742.18,2605.07,64.38,1776.35,828.72,31.81,PayPal,High,Delivered,no,4
SO-2024-00268,INV-000268,2024-10-03,2024-10-06,East,United States,Virginia,Richmond,Inside Sales,Enterprise,Lighthouse Homes,Sana Khan,Apex Drill,Industrial,Tools,2,289.53,0.12,579.06,509.57,74.94,485.01,24.56,4.82,Invoice,Medium,Delivered,no,3
SO-2024-00269,INV-000269,2024-10-07,2024-10-11,East,United States,Pennsylvania,Philadelphia,Online,Government,SilverOak Partners,Marcus Lee,Orbit Camera,Electronics,Security,19,217.61,0.00,4134.59,4134.59,25.55,2535.55,1599.04,38.67,ACH,High,Processing,no,4
SO-2024-00270,INV-000270,2024-10-22,2024-10-24,East,United States,Virginia,Richmond,Online,SMB,SilverOak Technologies,Anika Shah,Orbit Camera,Electronics,Security,4,203.11,0.03,812.44,788.07,21.16,532.54,255.53,32.42,ACH,Low,Processing,no,3
SO-2024-00271,INV-000271,2024-10-14,2024-10-16,East,United States,Virginia,Richmond,Distributor,Consumer,Cobalt Partners,Noah Bennett,Nimbus Tablet,Electronics,Mobile Devices,24,645.10,0.00,15482.40,15482.40,31.32,9890.39,5592.01,36.12,Credit Card,High,Delivered,no,3
SO-2024-00272,INV-000272,2024-10-15,2024-10-19,North,United States,New York,New York,Distributor,Government,BluePeak Supply,Marcus Lee,Pulse Headphones,Electronics,Accessories,4,193.01,0.00,772.04,772.04,27.95,460.83,311.21,40.31,Credit Card,Medium,Delivered,no,4
SO-2024-00273,INV-000273,2024-10-29,2024-11-02,South,United States,Florida,Miami,Inside Sales,SMB,BrightPath Homes,Daniel Brooks,Nimbus Tablet,Electronics,Mobile Devices,23,733.32,0.03,16866.36,16360.37,25.16,10142.93,6217.44,38.00,Credit Card,Medium,Delivered,no,3
SO-2024-00274,INV-000274,2024-10-20,2024-10-21,West,United States,California,San Francisco,Distributor,SMB,Northwind Services,Daniel Brooks,Summit Desk,Furniture,Office,7,498.72,0.08,3491.04,3211.76,21.93,2199.88,1011.88,31.51,Credit Card,Medium,Returned,yes,2
SO-2024-00275,INV-000275,2024-11-13,2024-11-18,North,United States,Massachusetts,Boston,Retail,Consumer,Greenline Homes,Daniel Brooks,Vertex Monitor,Electronics,Displays,12,425.25,0.12,5103.00,4490.64,63.89,2802.92,1687.72,37.58,PayPal,Medium,Delivered,no,3
SO-2024-00276,INV-000276,2024-10-10,2024-10-13,East,United States,Pennsylvania,Philadelphia,Inside Sales,Government,PrimeAxis Technologies,Elena Cruz,Apex Drill,Industrial,Tools,3,331.03,0.05,993.09,943.44,58.40,704.23,239.20,25.35,ACH,Medium,Delivered,no,3
SO-2024-00277,INV-000277,2024-10-31,2024-11-03,South,United States,Texas,Dallas,Inside Sales,SMB,Northwind Services,Daniel Brooks,Orbit Camera,Electronics,Security,28,207.72,0.03,5816.16,5641.68,49.69,3765.06,1876.61,33.26,Credit Card,Critical,Delivered,no,3
SO-2024-00278,INV-000278,2024-11-08,2024-11-10,West,United States,Washington,Seattle,Retail,Enterprise,Northwind Stores,Marcus Lee,Orbit Camera,Electronics,Security,21,208.84,0.05,4385.64,4166.36,65.20,2640.43,1525.92,36.62,Credit Card,Critical,Delivered,no,3
SO-2024-00279,INV-000279,2024-11-10,2024-11-16,North,United States,New York,New York,Online,Enterprise,SilverOak Services,Marcus Lee,Nimbus Tablet,Electronics,Mobile Devices,28,636.69,0.05,17827.32,16935.95,55.64,12334.93,4601.02,27.17,PayPal,Low,Delivered,no,4
SO-2024-00280,INV-000280,2024-11-10,2024-11-16,East,United States,Pennsylvania,Philadelphia,Online,SMB,BluePeak Partners,Jordan Reed,Aurora Laptop,Electronics,Computers,15,1366.06,0.12,20490.90,18031.99,70.80,13412.15,4619.84,25.62,Credit Card,Medium,Delivered,no,5
SO-2024-00281,INV-000281,2024-10-19,2024-10-24,South,United States,Florida,Miami,Distributor,Government,Elevate Technologies,Jordan Reed,Apex Drill,Industrial,Tools,23,310.80,0.10,7148.40,6433.56,90.64,5051.10,1382.46,21.49,Wire Transfer,Medium,Delivered,no,5
SO-2024-00282,INV-000282,2024-11-19,2024-11-21,East,United States,Pennsylvania,Philadelphia,Distributor,Consumer,Summit Industries,Marcus Lee,Apex Drill,Industrial,Tools,19,374.93,0.05,7123.67,6767.49,89.48,4351.99,2415.50,35.69,ACH,Medium,Delivered,no,4
SO-2024-00283,INV-000283,2024-11-01,2024-11-05,East,United States,Virginia,Richmond,Inside Sales,SMB,BrightPath Retail,Marcus Lee,Orbit Camera,Electronics,Security,16,247.37,0.00,3957.92,3957.92,72.28,2245.44,1712.48,43.27,Invoice,Low,Delivered,no,5
SO-2024-00284,INV-000284,2024-10-16,2024-10-17,South,United States,Texas,Dallas,Marketplace,Government,BrightPath Logistics,Marcus Lee,Harbor Chair,Furniture,Office,16,232.42,0.00,3718.72,3718.72,33.99,2389.39,1329.33,35.75,Credit Card,High,Delivered,no,4
SO-2024-00285,INV-000285,2024-11-24,2024-11-30,West,United States,Washington,Seattle,Inside Sales,Consumer,BluePeak Retail,Sana Khan,Pulse Headphones,Electronics,Accessories,20,206.59,0.00,4131.80,4131.80,61.40,2093.34,2038.46,49.34,PayPal,Low,Processing,no,3
SO-2024-00286,INV-000286,2024-11-21,2024-11-27,North,United States,New York,New York,Distributor,Government,Greenline Retail,Jordan Reed,Crest Air Purifier,Home Appliances,Air Quality,14,249.45,0.08,3492.30,3212.92,15.42,2411.38,801.53,24.95,Wire Transfer,Critical,Delivered,no,4
SO-2024-00287,INV-000287,2024-10-21,2024-10-24,South,United States,Texas,Dallas,Distributor,SMB,Greenline Stores,Noah Bennett,Apex Drill,Industrial,Tools,4,330.22,0.10,1320.88,1188.79,16.09,862.73,326.06,27.43,PayPal,Medium,Processing,no,5
SO-2024-00288,INV-000288,2024-10-29,2024-10-30,South,United States,Florida,Miami,Inside Sales,SMB,Cobalt Technologies,Daniel Brooks,Crest Air Purifier,Home Appliances,Air Quality,10,301.87,0.03,3018.70,2928.14,68.83,1787.46,1140.67,38.96,Invoice,Low,Processing,no,4
SO-2024-00289,INV-000289,2024-11-23,2024-11-27,East,United States,Pennsylvania,Philadelphia,Online,SMB,BluePeak Logistics,Priya Nair,Pulse Headphones,Electronics,Accessories,21,173.49,0.00,3643.29,3643.29,88.71,2205.05,1438.24,39.48,Invoice,Low,Delivered,no,4
SO-2024-00290,INV-000290,2024-11-13,2024-11-17,East,United States,Virginia,Richmond,Marketplace,SMB,PrimeAxis Homes,Anika Shah,Nimbus Tablet,Electronics,Mobile Devices,2,627.12,0.10,1254.24,1128.82,56.65,883.59,245.22,21.72,PayPal,Low,Delivered,no,4
SO-2024-00291,INV-000291,2024-11-04,2024-11-06,North,United States,New York,New York,Inside Sales,Enterprise,Cobalt Partners,Anika Shah,Pulse Headphones,Electronics,Accessories,27,200.55,0.03,5414.85,5252.40,16.41,2876.63,2375.77,45.23,Invoice,Critical,Returned,yes,2
SO-2024-00292,INV-000292,2024-11-07,2024-11-11,North,United States,Massachusetts,Boston,Marketplace,Consumer,Northwind Supply,Daniel Brooks,Apex Drill,Industrial,Tools,21,334.99,0.00,7034.79,7034.79,28.51,4773.74,2261.05,32.14,PayPal,Critical,Delivered,no,5
SO-2024-00293,INV-000293,2024-11-10,2024-11-16,North,United States,New York,New York,Online,Consumer,BrightPath Industries,Marcus Lee,Pulse Headphones,Electronics,Accessories,13,183.78,0.03,2389.14,2317.47,31.60,1460.22,857.25,36.99,Wire Transfer,High,Delivered,no,4
SO-2024-00294,INV-000294,2024-11-13,2024-11-18,North,United States,Massachusetts,Boston,Inside Sales,Government,BrightPath Services,Priya Nair,Pulse Headphones,Electronics,Accessories,23,196.42,0.10,4517.66,4065.89,68.98,2438.63,1627.27,40.02,Wire Transfer,Medium,Processing,no,5
SO-2024-00295,INV-000295,2024-10-29,2024-11-01,South,United States,Florida,Miami,Inside Sales,Enterprise,Elevate Stores,Jordan Reed,Orbit Camera,Electronics,Security,24,232.87,0.08,5588.88,5141.77,87.49,3146.59,1995.18,38.80,Wire Transfer,High,Delivered,no,3
SO-2024-00296,INV-000296,2024-11-17,2024-11-21,East,United States,Pennsylvania,Philadelphia,Retail,Enterprise,BluePeak Stores,Elena Cruz,Aurora Laptop,Electronics,Computers,11,1242.98,0.12,13672.78,12032.05,86.21,9991.40,2040.65,16.96,ACH,Medium,Delivered,no,5
SO-2024-00297,INV-000297,2024-12-05,2024-12-06,South,United States,Florida,Miami,Distributor,Government,Greenline Industries,Priya Nair,Summit Desk,Furniture,Office,13,413.40,0.12,5374.20,4729.30,51.56,3964.33,764.97,16.18,Wire Transfer,Medium,Delivered,no,3
SO-2024-00298,INV-000298,2024-10-24,2024-10-27,West,United States,California,San Francisco,Inside Sales,Government,Elevate Homes,Marcus Lee,Aurora Laptop,Electronics,Computers,15,1171.39,0.10,17570.85,15813.77,94.02,13335.78,2477.99,15.67,PayPal,Critical,Processing,no,3
SO-2024-00299,INV-000299,2024-11-14,2024-11-18,West,United States,California,San Francisco,Distributor,Government,PrimeAxis Logistics,Anika Shah,Crest Air Purifier,Home Appliances,Air Quality,21,313.65,0.08,6586.65,6059.72,61.29,3649.05,2410.67,39.78,Wire Transfer,Critical,Delivered,no,5
SO-2024-00300,INV-000300,2024-11-28,2024-12-04,West,United States,California,San Francisco,Inside Sales,Enterprise,Greenline Industries,Priya Nair,Aurora Laptop,Electronics,Computers,3,1160.77,0.05,3482.31,3308.19,45.04,2556.34,751.86,22.73,PayPal,Critical,Processing,no,3
SO-2024-00301,INV-000301,2024-11-07,2024-11-12,North,United States,Massachusetts,Boston,Inside Sales,Consumer,Lighthouse Logistics,Priya Nair,Orbit Camera,Electronics,Security,24,223.83,0.05,5371.92,5103.32,46.33,3112.99,1990.34,39.00,Credit Card,Low,Delivered,no,3
SO-2024-00302,INV-000302,2024-11-02,2024-11-07,East,United States,Pennsylvania,Philadelphia,Inside Sales,SMB,Northwind Stores,Priya Nair,Vertex Monitor,Electronics,Displays,24,371.37,0.12,8912.88,7843.33,92.94,5946.39,1896.94,24.19,Wire Transfer,Medium,Processing,no,5
SO-2024-00303,INV-000303,2024-11-17,2024-11-20,West,United States,California,San Francisco,Inside Sales,Enterprise,Northwind Services,Noah Bennett,Aurora Laptop,Electronics,Computers,25,1348.73,0.05,33718.25,32032.34,35.97,20651.32,11381.01,35.53,PayPal,Critical,Delivered,no,5
SO-2024-00304,INV-000304,2024-11-14,2024-11-16,West,United States,Washington,Seattle,Marketplace,SMB,PrimeAxis Partners,Anika Shah,Aurora Laptop,Electronics,Computers,20,1313.28,0.05,26265.60,24952.32,46.04,16334.12,8618.20,34.54,Wire Transfer,Medium,Delivered,no,3
SO-2024-00305,INV-000305,2024-11-09,2024-11-10,North,United States,New York,New York,Retail,Consumer,Cobalt Stores,Priya Nair,Terra Blender,Home Appliances,Kitchen,23,132.91,0.08,3056.93,2812.38,36.77,1858.67,953.71,33.91,PayPal,High,Returned,yes,2
SO-2024-00306,INV-000306,2024-11-21,2024-11-24,East,United States,Virginia,Richmond,Inside Sales,Government,BluePeak Partners,Marcus Lee,Nimbus Tablet,Electronics,Mobile Devices,14,709.53,0.12,9933.42,8741.41,47.47,6080.68,2660.73,30.44,Wire Transfer,Low,Delivered,no,3
SO-2024-00307,INV-000307,2024-12-02,2024-12-08,North,United States,Massachusetts,Boston,Marketplace,Consumer,BrightPath Foods,Priya Nair,Crest Air Purifier,Home Appliances,Air Quality,24,289.39,0.12,6945.36,6111.92,93.86,4079.67,2032.25,33.25,ACH,Critical,Delivered,no,5
SO-2024-00308,INV-000308,2024-11-14,2024-11-19,West,United States,Washington,Seattle,Distributor,Government,SilverOak Services,Anika Shah,Vertex Monitor,Electronics,Displays,9,403.34,0.00,3630.06,3630.06,12.13,2057.28,1572.78,43.33,Invoice,High,Delivered,no,5
SO-2024-00309,INV-000309,2024-12-14,2024-12-16,North,United States,New York,New York,Inside Sales,Government,BluePeak Technologies,Anika Shah,Summit Desk,Furniture,Office,24,437.53,0.12,10500.72,9240.63,17.63,7069.55,2171.08,23.49,Wire Transfer,Medium,Delivered,no,4
SO-2024-00310,INV-000310,2024-12-05,2024-12-06,West,United States,Washington,Seattle,Online,Consumer,Lighthouse Industries,Daniel Brooks,Terra Blender,Home Appliances,Kitchen,22,118.07,0.00,2597.54,2597.54,64.06,1801.21,796.33,30.66,ACH,Low,Delivered,no,3
SO-2024-00311,INV-000311,2024-11-28,2024-11-29,East,United States,Pennsylvania,Philadelphia,Distributor,SMB,Elevate Services,Jordan Reed,Crest Air Purifier,Home Appliances,Air Quality,6,265.86,0.00,1595.16,1595.16,40.15,1047.19,547.97,34.35,Invoice,High,Delivered,no,5
SO-2024-00312,INV-000312,2024-12-03,2024-12-04,East,United States,Virginia,Richmond,Inside Sales,Enterprise,Greenline Logistics,Marcus Lee,Aurora Laptop,Electronics,Computers,17,1383.93,0.03,23526.81,22821.01,49.51,15387.48,7433.53,32.57,Credit Card,Critical,Delivered,no,5
SO-2024-00313,INV-000313,2024-12-10,2024-12-12,West,United States,Washington,Seattle,Retail,SMB,BluePeak Foods,Anika Shah,Aurora Laptop,Electronics,Computers,8,1209.57,0.05,9676.56,9192.73,72.79,6946.24,2246.49,24.44,PayPal,Critical,Delivered,no,5
SO-2024-00314,INV-000314,2024-11-09,2024-11-12,North,United States,Massachusetts,Boston,Online,Consumer,PrimeAxis Partners,Marcus Lee,Orbit Camera,Electronics,Security,3,231.84,0.08,695.52,639.88,84.37,462.37,177.51,27.74,Invoice,Medium,Delivered,no,3
SO-2024-00315,INV-000315,2024-12-14,2024-12-17,East,United States,Virginia,Richmond,Inside Sales,Consumer,SilverOak Foods,Elena Cruz,Harbor Chair,Furniture,Office,26,237.73,0.00,6180.98,6180.98,34.63,3546.92,2634.06,42.62,Wire Transfer,High,Delivered,no,5
SO-2024-00316,INV-000316,2024-11-15,2024-11-18,South,United States,Texas,Dallas,Online,Enterprise,BluePeak Industries,Sana Khan,Summit Desk,Furniture,Office,21,510.40,0.08,10718.40,9860.93,48.82,6092.72,3768.21,38.21,PayPal,Medium,Delivered,no,5
SO-2024-00317,INV-000317,2024-12-21,2024-12-24,West,United States,Washington,Seattle,Online,Government,Elevate Stores,Jordan Reed,Crest Air Purifier,Home Appliances,Air Quality,11,269.63,0.00,2965.93,2965.93,71.17,1982.58,983.35,33.15,PayPal,High,Processing,no,5
SO-2024-00318,INV-000318,2024-11-27,2024-11-29,West,United States,Washington,Seattle,Distributor,Enterprise,Summit Homes,Jordan Reed,Vertex Monitor,Electronics,Displays,6,418.37,0.08,2510.22,2309.40,33.42,1454.54,854.87,37.02,PayPal,Low,Delivered,no,4
SO-2024-00319,INV-000319,2024-11-24,2024-11-27,West,United States,Washington,Seattle,Online,Consumer,Summit Foods,Noah Bennett,Vertex Monitor,Electronics,Displays,26,367.87,0.08,9564.62,8799.45,22.57,5988.92,2810.53,31.94,PayPal,Critical,Delivered,no,3
SO-2024-00320,INV-000320,2024-12-20,2024-12-22,South,United States,Florida,Miami,Marketplace,SMB,Elevate Technologies,Priya Nair,Crest Air Purifier,Home Appliances,Air Quality,17,273.36,0.03,4647.12,4507.71,29.28,2991.17,1516.53,33.64,Credit Card,Critical,Processing,no,3
SO-2024-00321,INV-000321,2024-12-06,2024-12-11,West,United States,Washington,Seattle,Online,Enterprise,Summit Homes,Marcus Lee,Crest Air Purifier,Home Appliances,Air Quality,5,305.15,0.00,1525.75,1525.75,37.57,879.83,645.92,42.33,Wire Transfer,Low,Processing,no,3
SO-2024-00322,INV-000322,2024-12-21,2024-12-24,West,United States,Washington,Seattle,Online,Enterprise,Cobalt Technologies,Sana Khan,Pulse Headphones,Electronics,Accessories,14,196.57,0.05,2751.98,2614.38,28.24,1515.90,1098.48,42.02,Wire Transfer,High,Delivered,no,3
SO-2024-00323,INV-000323,2024-11-18,2024-11-24,North,United States,New York,New York,Distributor,Consumer,Cobalt Services,Sana Khan,Terra Blender,Home Appliances,Kitchen,19,141.05,0.03,2679.95,2599.55,21.10,1418.47,1181.08,45.43,PayPal,Critical,Returned,yes,3
SO-2024-00324,INV-000324,2024-12-31,2025-01-02,South,United States,Florida,Miami,Retail,Enterprise,BrightPath Stores,Jordan Reed,Orbit Camera,Electronics,Security,17,200.64,0.08,3410.88,3138.01,43.92,2337.87,800.14,25.50,Credit Card,Medium,Delivered,no,5
SO-2024-00325,INV-000325,2024-11-28,2024-11-29,West,United States,California,San Francisco,Distributor,Government,Elevate Stores,Noah Bennett,Vertex Monitor,Electronics,Displays,6,396.81,0.05,2380.86,2261.82,83.39,1594.59,667.23,29.50,PayPal,High,Processing,no,3
SO-2024-00326,INV-000326,2024-12-29,2024-12-30,West,United States,California,San Francisco,Marketplace,Government,Northwind Retail,Daniel Brooks,Pulse Headphones,Electronics,Accessories,20,190.80,0.10,3816.00,3434.40,31.65,2112.87,1321.53,38.48,Credit Card,Critical,Delivered,no,5
SO-2024-00327,INV-000327,2024-12-25,2024-12-28,South,United States,Texas,Dallas,Inside Sales,Enterprise,PrimeAxis Services,Daniel Brooks,Nimbus Tablet,Electronics,Mobile Devices,16,658.35,0.08,10533.60,9690.91,85.86,6608.38,3082.53,31.81,ACH,Low,Delivered,no,4
SO-2024-00328,INV-000328,2024-12-29,2025-01-04,West,United States,Washington,Seattle,Online,Government,Elevate Partners,Priya Nair,Vertex Monitor,Electronics,Displays,12,375.01,0.12,4500.12,3960.11,36.45,2812.10,1148.01,28.99,ACH,Low,Delivered,no,5
SO-2024-00329,INV-000329,2024-12-12,2024-12-16,North,United States,New York,New York,Online,Enterprise,BrightPath Partners,Priya Nair,Harbor Chair,Furniture,Office,4,218.20,0.00,872.80,872.80,82.67,630.99,241.81,27.70,ACH,Medium,Delivered,no,5
SO-2024-00330,INV-000330,2024-12-06,2024-12-09,East,United States,Pennsylvania,Philadelphia,Marketplace,SMB,BluePeak Stores,Noah Bennett,Vertex Monitor,Electronics,Displays,27,402.57,0.05,10869.39,10325.92,27.01,6547.39,3778.53,36.59,PayPal,Critical,Returned,yes,2
SO-2024-00331,INV-000331,2024-12-09,2024-12-14,South,United States,Texas,Dallas,Distributor,Consumer,Lighthouse Industries,Noah Bennett,Vertex Monitor,Electronics,Displays,25,416.47,0.00,10411.75,10411.75,65.31,6264.19,4147.56,39.84,ACH,Medium,Delivered,no,4
SO-2024-00332,INV-000332,2024-12-13,2024-12-15,West,United States,Washington,Seattle,Online,Consumer,PrimeAxis Retail,Sana Khan,Apex Drill,Industrial,Tools,18,363.96,0.00,6551.28,6551.28,35.97,4026.43,2524.85,38.54,ACH,High,Delivered,no,4
SO-2024-00333,INV-000333,2024-12-04,2024-12-07,East,United States,Virginia,Richmond,Retail,Consumer,PrimeAxis Technologies,Anika Shah,Harbor Chair,Furniture,Office,22,246.62,0.05,5425.64,5154.36,76.17,3263.64,1890.72,36.68,Credit Card,Low,Delivered,no,3
SO-2024-00334,INV-000334,2025-01-01,2025-01-02,North,United States,Massachusetts,Boston,Online,SMB,Elevate Logistics,Jordan Reed,Apex Drill,Industrial,Tools,23,327.67,0.00,7536.41,7536.41,72.20,4855.00,2681.41,35.58,Credit Card,Low,Returned,yes,4
SO-2024-00335,INV-000335,2025-01-11,2025-01-17,West,United States,California,San Francisco,Inside Sales,Government,BluePeak Homes,Daniel Brooks,Pulse Headphones,Electronics,Accessories,20,205.79,0.00,4115.80,4115.80,86.37,2215.07,1900.73,46.18,Invoice,Medium,Processing,no,3
SO-2024-00336,INV-000336,2024-12-25,2024-12-29,North,United States,New York,New York,Distributor,SMB,SilverOak Services,Noah Bennett,Harbor Chair,Furniture,Office,12,272.21,0.03,3266.52,3168.52,91.32,1733.67,1434.85,45.28,Credit Card,Medium,Processing,no,5
SO-2024-00337,INV-000337,2025-01-10,2025-01-16,South,United States,Florida,Miami,Distributor,SMB,Lighthouse Retail,Anika Shah,Apex Drill,Industrial,Tools,5,367.58,0.10,1837.90,1654.11,33.50,1045.89,608.22,36.77,Credit Card,Critical,Delivered,no,4
SO-2024-00338,INV-000338,2024-12-28,2025-01-02,East,United States,Pennsylvania,Philadelphia,Online,Government,PrimeAxis Supply,Noah Bennett,Pulse Headphones,Electronics,Accessories,2,191.65,0.12,383.30,337.30,52.73,259.24,78.06,23.14,Credit Card,High,Delivered,no,4
SO-2024-00339,INV-000339,2024-12-07,2024-12-13,West,United States,California,San Francisco,Marketplace,Enterprise,SilverOak Stores,Sana Khan,Harbor Chair,Furniture,Office,22,215.95,0.08,4750.90,4370.83,82.83,3121.28,1249.55,28.59,Wire Transfer,High,Delivered,no,5
SO-2024-00340,INV-000340,2025-01-14,2025-01-20,North,United States,Massachusetts,Boston,Retail,Government,Northwind Services,Sana Khan,Apex Drill,Industrial,Tools,13,331.14,0.10,4304.82,3874.34,48.35,2731.22,1143.12,29.50,Credit Card,High,Returned,yes,3
SO-2024-00341,INV-000341,2024-12-07,2024-12-08,West,United States,Washington,Seattle,Marketplace,SMB,PrimeAxis Stores,Jordan Reed,Orbit Camera,Electronics,Security,12,195.91,0.12,2350.92,2068.81,71.84,1596.94,471.87,22.81,Credit Card,Medium,Processing,no,4
SO-2024-00342,INV-000342,2025-01-15,2025-01-16,West,United States,Washington,Seattle,Retail,Enterprise,Lighthouse Services,Jordan Reed,Aurora Laptop,Electronics,Computers,9,1326.86,0.00,11941.74,11941.74,13.19,7844.74,4097.00,34.31,Credit Card,Critical,Delivered,no,5
SO-2024-00343,INV-000343,2024-12-12,2024-12-14,South,United States,Florida,Miami,Online,SMB,Summit Supply,Daniel Brooks,Crest Air Purifier,Home Appliances,Air Quality,15,269.99,0.12,4049.85,3563.87,93.52,2702.25,861.62,24.18,Credit Card,Low,Delivered,no,4
SO-2024-00344,INV-000344,2024-12-19,2024-12-25,West,United States,California,San Francisco,Distributor,Enterprise,Greenline Retail,Anika Shah,Pulse Headphones,Electronics,Accessories,13,193.51,0.05,2515.63,2389.85,32.22,1397.79,992.06,41.51,Credit Card,Medium,Processing,no,3
SO-2024-00345,INV-000345,2025-01-05,2025-01-11,East,United States,Virginia,Richmond,Retail,Enterprise,Cobalt Supply,Priya Nair,Crest Air Purifier,Home Appliances,Air Quality,27,302.99,0.05,8180.73,7771.69,69.47,4509.66,3262.03,41.97,PayPal,Low,Processing,no,5
SO-2024-00346,INV-000346,2025-01-06,2025-01-07,East,United States,Pennsylvania,Philadelphia,Inside Sales,Enterprise,Lighthouse Supply,Marcus Lee,Harbor Chair,Furniture,Office,19,224.96,0.00,4274.24,4274.24,93.89,2918.35,1355.89,31.72,Credit Card,Medium,Delivered,no,5
SO-2024-00347,INV-000347,2024-12-23,2024-12-25,West,United States,Washington,Seattle,Online,Enterprise,Elevate Homes,Anika Shah,Vertex Monitor,Electronics,Displays,23,424.44,0.00,9762.12,9762.12,65.52,5462.08,4300.04,44.05,ACH,Medium,Delivered,no,3
SO-2024-00348,INV-000348,2025-01-14,2025-01-15,West,United States,Washington,Seattle,Inside Sales,SMB,SilverOak Logistics,Jordan Reed,Aurora Laptop,Electronics,Computers,4,1389.79,0.10,5559.16,5003.24,48.92,3508.28,1494.96,29.88,Wire Transfer,Critical,Delivered,no,3
SO-2024-00349,INV-000349,2024-12-18,2024-12-22,South,United States,Florida,Miami,Distributor,SMB,Summit Stores,Daniel Brooks,Apex Drill,Industrial,Tools,20,330.96,0.05,6619.20,6288.24,24.03,4523.69,1764.55,28.06,Invoice,Medium,Processing,no,4
SO-2024-00350,INV-000350,2025-01-28,2025-02-02,North,United States,New York,New York,Marketplace,SMB,SilverOak Partners,Priya Nair,Pulse Headphones,Electronics,Accessories,3,180.11,0.00,540.33,540.33,82.69,393.29,147.04,27.21,ACH,Medium,Delivered,no,3
SO-2024-00351,INV-000351,2024-12-29,2025-01-03,West,United States,Washington,Seattle,Marketplace,SMB,Summit Industries,Priya Nair,Apex Drill,Industrial,Tools,17,361.12,0.03,6139.04,5954.87,13.20,3623.80,2331.07,39.15,ACH,Low,Delivered,no,4
SO-2024-00352,INV-000352,2025-01-16,2025-01-22,North,United States,New York,New York,Retail,Enterprise,Lighthouse Homes,Anika Shah,Aurora Laptop,Electronics,Computers,26,1262.86,0.05,32834.36,31192.64,56.08,22278.55,8914.09,28.58,PayPal,Medium,Delivered,no,3
SO-2024-00353,INV-000353,2025-01-02,2025-01-08,East,United States,Virginia,Richmond,Retail,Government,Lighthouse Homes,Priya Nair,Terra Blender,Home Appliances,Kitchen,4,114.05,0.10,456.20,410.58,37.30,346.44,64.14,15.62,Invoice,Critical,Delivered,no,5
SO-2024-00354,INV-000354,2025-01-12,2025-01-18,North,United States,Massachusetts,Boston,Inside Sales,Enterprise,BluePeak Services,Daniel Brooks,Aurora Laptop,Electronics,Computers,12,1271.53,0.03,15258.36,14800.61,47.35,10050.49,4750.12,32.09,Credit Card,Low,Delivered,no,4
SO-2024-00355,INV-000355,2025-01-28,2025-01-29,West,United States,Washington,Seattle,Retail,Enterprise,Greenline Technologies,Noah Bennett,Terra Blender,Home Appliances,Kitchen,13,125.81,0.10,1635.53,1471.98,58.38,989.64,482.34,32.77,ACH,Medium,Delivered,no,5
SO-2024-00356,INV-000356,2025-01-12,2025-01-15,East,United States,Pennsylvania,Philadelphia,Marketplace,Consumer,Lighthouse Foods,Noah Bennett,Summit Desk,Furniture,Office,18,485.10,0.03,8731.80,8469.85,16.52,5351.68,3118.17,36.81,ACH,High,Delivered,no,5
SO-2024-00357,INV-000357,2025-01-20,2025-01-21,South,United States,Florida,Miami,Distributor,SMB,BluePeak Stores,Marcus Lee,Nimbus Tablet,Electronics,Mobile Devices,4,637.04,0.00,2548.16,2548.16,35.93,1841.59,706.57,27.73,ACH,Low,Delivered,no,4
SO-2024-00358,INV-000358,2025-01-22,2025-01-25,South,United States,Texas,Dallas,Inside Sales,Government,SilverOak Foods,Daniel Brooks,Apex Drill,Industrial,Tools,15,327.49,0.10,4912.35,4421.12,13.78,3109.24,1311.87,29.67,Invoice,Critical,Returned,yes,4
SO-2024-00359,INV-000359,2025-01-22,2025-01-25,West,United States,Washington,Seattle,Retail,Consumer,BrightPath Retail,Elena Cruz,Orbit Camera,Electronics,Security,20,200.23,0.12,4004.60,3524.05,37.44,2695.31,828.73,23.52,PayPal,Medium,Delivered,no,5
SO-2024-00360,INV-000360,2025-01-05,2025-01-07,East,United States,Virginia,Richmond,Distributor,Consumer,Elevate Stores,Daniel Brooks,Pulse Headphones,Electronics,Accessories,28,201.12,0.10,5631.36,5068.22,77.94,2874.97,2193.26,43.27,Wire Transfer,Medium,Delivered,no,5
SO-2024-00361,INV-000361,2025-01-17,2025-01-19,East,United States,Pennsylvania,Philadelphia,Distributor,Consumer,Lighthouse Stores,Priya Nair,Aurora Laptop,Electronics,Computers,13,1244.74,0.00,16181.62,16181.62,56.29,10698.69,5482.93,33.88,Credit Card,High,Returned,yes,4
SO-2024-00362,INV-000362,2025-01-14,2025-01-19,West,United States,Washington,Seattle,Retail,Enterprise,Lighthouse Retail,Elena Cruz,Harbor Chair,Furniture,Office,23,219.46,0.08,5047.58,4643.77,72.47,3470.79,1172.98,25.26,Credit Card,Critical,Delivered,no,5
SO-2024-00363,INV-000363,2025-01-19,2025-01-20,West,United States,Washington,Seattle,Online,Government,SilverOak Retail,Jordan Reed,Summit Desk,Furniture,Office,12,410.49,0.10,4925.88,4433.29,28.20,3650.23,783.06,17.66,ACH,Critical,Delivered,no,3
SO-2024-00364,INV-000364,2025-02-05,2025-02-10,East,United States,Pennsylvania,Philadelphia,Online,Consumer,Cobalt Technologies,Daniel Brooks,Vertex Monitor,Electronics,Displays,18,426.48,0.10,7676.64,6908.98,41.97,4195.47,2713.51,39.28,Invoice,High,Delivered,no,4
SO-2024-00365,INV-000365,2025-01-12,2025-01-18,North,United States,Massachusetts,Boston,Marketplace,Enterprise,Cobalt Stores,Priya Nair,Orbit Camera,Electronics,Security,16,234.94,0.05,3759.04,3571.09,78.71,2083.90,1487.19,41.65,Wire Transfer,High,Processing,no,4
SO-2025-00366,INV-000366,2025-01-04,2025-01-09,East,United States,Pennsylvania,Philadelphia,Retail,SMB,Elevate Stores,Sana Khan,Orbit Camera,Electronics,Security,26,214.12,0.00,5567.12,5567.12,45.99,3550.42,2016.70,36.23,Invoice,Critical,Processing,no,3
SO-2025-00367,INV-000367,2025-02-01,2025-02-06,East,United States,Virginia,Richmond,Distributor,SMB,BluePeak Partners,Noah Bennett,Harbor Chair,Furniture,Office,25,239.12,0.00,5978.00,5978.00,77.67,3453.44,2524.56,42.23,Wire Transfer,Low,Processing,no,3
SO-2025-00368,INV-000368,2025-01-06,2025-01-11,West,United States,Washington,Seattle,Marketplace,Enterprise,BluePeak Technologies,Elena Cruz,Harbor Chair,Furniture,Office,25,232.80,0.05,5820.00,5529.00,58.94,3730.44,1798.56,32.53,Wire Transfer,Low,Processing,no,3
SO-2025-00369,INV-000369,2025-02-16,2025-02-18,West,United States,Washington,Seattle,Marketplace,Enterprise,BrightPath Partners,Marcus Lee,Terra Blender,Home Appliances,Kitchen,13,119.00,0.03,1547.00,1500.59,41.98,1038.95,461.64,30.76,Wire Transfer,Low,Delivered,no,5
SO-2025-00370,INV-000370,2025-01-24,2025-01-30,East,United States,Pennsylvania,Philadelphia,Retail,Consumer,Greenline Retail,Daniel Brooks,Pulse Headphones,Electronics,Accessories,27,181.11,0.10,4889.97,4400.97,69.93,2833.58,1567.40,35.61,PayPal,Critical,Delivered,no,4
SO-2025-00371,INV-000371,2025-01-18,2025-01-20,North,United States,Massachusetts,Boston,Online,Enterprise,Cobalt Homes,Priya Nair,Pulse Headphones,Electronics,Accessories,18,177.19,0.00,3189.42,3189.42,77.99,1963.63,1225.79,38.43,Credit Card,Critical,Delivered,no,4
SO-2025-00372,INV-000372,2025-01-14,2025-01-18,East,United States,Pennsylvania,Philadelphia,Retail,SMB,SilverOak Stores,Elena Cruz,Harbor Chair,Furniture,Office,21,242.83,0.03,5099.43,4946.45,26.29,2914.33,2032.12,41.08,Wire Transfer,Medium,Delivered,no,3
SO-2025-00373,INV-000373,2025-02-20,2025-02-21,West,United States,California,San Francisco,Inside Sales,Enterprise,Lighthouse Logistics,Jordan Reed,Nimbus Tablet,Electronics,Mobile Devices,4,574.29,0.05,2297.16,2182.30,74.86,1696.23,486.07,22.27,Invoice,Low,Delivered,no,3
SO-2025-00374,INV-000374,2025-02-14,2025-02-16,South,United States,Florida,Miami,Marketplace,SMB,Summit Stores,Jordan Reed,Nimbus Tablet,Electronics,Mobile Devices,7,684.28,0.00,4789.96,4789.96,19.53,3140.35,1649.61,34.44,Credit Card,Low,Delivered,no,5
SO-2025-00375,INV-000375,2025-01-27,2025-01-29,South,United States,Florida,Miami,Retail,Government,Summit Services,Jordan Reed,Summit Desk,Furniture,Office,26,468.02,0.10,12168.52,10951.67,20.19,7580.37,3371.30,30.78,Wire Transfer,High,Processing,no,4
SO-2025-00376,INV-000376,2025-02-11,2025-02-13,South,United States,Florida,Miami,Online,Enterprise,BrightPath Foods,Daniel Brooks,Apex Drill,Industrial,Tools,15,299.17,0.03,4487.55,4352.92,22.26,3087.96,1264.96,29.06,PayPal,Low,Delivered,no,4
SO-2025-00377,INV-000377,2025-02-18,2025-02-24,West,United States,Washington,Seattle,Distributor,Consumer,SilverOak Logistics,Priya Nair,Harbor Chair,Furniture,Office,11,253.01,0.12,2783.11,2449.14,48.85,1607.03,842.11,34.38,Credit Card,Critical,Processing,no,5
SO-2025-00378,INV-000378,2025-02-09,2025-02-14,West,United States,California,San Francisco,Inside Sales,SMB,Greenline Logistics,Daniel Brooks,Nimbus Tablet,Electronics,Mobile Devices,23,685.28,0.00,15761.44,15761.44,23.90,9761.90,5999.54,38.06,Wire Transfer,Critical,Delivered,no,3
SO-2025-00379,INV-000379,2025-02-13,2025-02-16,West,United States,California,San Francisco,Marketplace,Government,Summit Homes,Noah Bennett,Summit Desk,Furniture,Office,26,489.07,0.08,12715.82,11698.55,61.27,8120.57,3577.98,30.58,ACH,High,Processing,no,3
SO-2025-00380,INV-000380,2025-01-21,2025-01-24,North,United States,Massachusetts,Boston,Retail,Government,Lighthouse Retail,Daniel Brooks,Vertex Monitor,Electronics,Displays,17,382.52,0.10,6502.84,5852.56,90.22,3956.05,1896.51,32.40,Wire Transfer,High,Delivered,no,5
SO-2025-00381,INV-000381,2025-01-19,2025-01-25,North,United States,Massachusetts,Boston,Marketplace,Consumer,PrimeAxis Partners,Anika Shah,Crest Air Purifier,Home Appliances,Air Quality,26,283.24,0.05,7364.24,6996.03,77.80,4351.33,2644.69,37.80,Credit Card,Critical,Processing,no,3
SO-2025-00382,INV-000382,2025-02-05,2025-02-09,West,United States,Washington,Seattle,Retail,Consumer,Lighthouse Industries,Sana Khan,Apex Drill,Industrial,Tools,16,328.84,0.00,5261.44,5261.44,26.68,3518.15,1743.29,33.13,PayPal,Low,Delivered,no,5
SO-2025-00383,INV-000383,2025-02-16,2025-02-21,West,United States,Washington,Seattle,Online,Enterprise,BrightPath Technologies,Anika Shah,Vertex Monitor,Electronics,Displays,7,383.45,0.05,2684.15,2549.94,33.86,1736.95,812.99,31.88,Wire Transfer,High,Delivered,no,4
SO-2025-00384,INV-000384,2025-02-27,2025-03-02,North,United States,New York,New York,Retail,Consumer,SilverOak Supply,Jordan Reed,Crest Air Purifier,Home Appliances,Air Quality,14,252.58,0.03,3536.12,3430.04,94.33,2454.38,975.66,28.44,Credit Card,High,Returned,yes,2
SO-2025-00385,INV-000385,2025-01-20,2025-01-25,South,United States,Texas,Dallas,Marketplace,Enterprise,Northwind Homes,Daniel Brooks,Terra Blender,Home Appliances,Kitchen,12,114.77,0.10,1377.24,1239.52,83.66,996.67,242.84,19.59,PayPal,Critical,Delivered,no,4
SO-2025-00386,INV-000386,2025-02-20,2025-02-21,North,United States,Massachusetts,Boston,Inside Sales,Government,Elevate Partners,Marcus Lee,Crest Air Purifier,Home Appliances,Air Quality,24,294.49,0.03,7067.76,6855.73,53.23,4291.19,2564.54,37.41,PayPal,Low,Delivered,no,5
SO-2025-00387,INV-000387,2025-02-06,2025-02-07,East,United States,Virginia,Richmond,Inside Sales,Enterprise,Elevate Technologies,Noah Bennett,Summit Desk,Furniture,Office,11,522.81,0.05,5750.91,5463.36,78.78,3437.19,2026.18,37.09,PayPal,Medium,Delivered,no,4
SO-2025-00388,INV-000388,2025-02-23,2025-02-26,East,United States,Virginia,Richmond,Online,SMB,PrimeAxis Stores,Noah Bennett,Nimbus Tablet,Electronics,Mobile Devices,15,683.07,0.03,10246.05,9938.67,28.61,6380.75,3557.92,35.80,Wire Transfer,Critical,Processing,no,4
SO-2025-00389,INV-000389,2025-02-28,2025-03-06,West,United States,California,San Francisco,Inside Sales,Enterprise,Cobalt Industries,Marcus Lee,Orbit Camera,Electronics,Security,22,196.13,0.00,4314.86,4314.86,42.23,2752.50,1562.36,36.21,PayPal,High,Delivered,no,4
SO-2025-00390,INV-000390,2025-03-08,2025-03-13,East,United States,Virginia,Richmond,Marketplace,Government,Lighthouse Homes,Sana Khan,Pulse Headphones,Electronics,Accessories,9,186.26,0.00,1676.34,1676.34,24.45,908.78,767.56,45.79,Credit Card,Medium,Delivered,no,3
SO-2025-00391,INV-000391,2025-01-26,2025-01-29,South,United States,Texas,Dallas,Online,Enterprise,Lighthouse Retail,Daniel Brooks,Harbor Chair,Furniture,Office,27,260.25,0.10,7026.75,6324.07,57.71,3922.75,2401.33,37.97,ACH,High,Returned,yes,2
SO-2025-00392,INV-000392,2025-03-09,2025-03-15,East,United States,Pennsylvania,Philadelphia,Marketplace,Consumer,PrimeAxis Services,Noah Bennett,Apex Drill,Industrial,Tools,4,323.47,0.12,1293.88,1138.61,72.11,892.68,245.94,21.60,Credit Card,Medium,Delivered,no,5
SO-2025-00393,INV-000393,2025-02-17,2025-02-22,East,United States,Pennsylvania,Philadelphia,Inside Sales,Government,Greenline Supply,Sana Khan,Nimbus Tablet,Electronics,Mobile Devices,25,636.92,0.10,15923.00,14330.70,73.75,11332.48,2998.22,20.92,Invoice,Low,Delivered,no,4
SO-2025-00394,INV-000394,2025-03-13,2025-03-14,East,United States,Pennsylvania,Philadelphia,Inside Sales,Consumer,Summit Homes,Anika Shah,Orbit Camera,Electronics,Security,12,223.79,0.05,2685.48,2551.21,68.67,1694.97,856.23,33.56,ACH,Low,Delivered,no,5
SO-2025-00395,INV-000395,2025-02-14,2025-02-19,South,United States,Florida,Miami,Online,Government,Lighthouse Industries,Elena Cruz,Aurora Laptop,Electronics,Computers,14,1199.55,0.10,16793.70,15114.33,42.12,12477.97,2636.36,17.44,Invoice,Low,Delivered,no,3
SO-2025-00396,INV-000396,2025-02-09,2025-02-13,South,United States,Florida,Miami,Distributor,Government,BluePeak Homes,Daniel Brooks,Harbor Chair,Furniture,Office,22,230.03,0.12,5060.66,4453.38,75.64,3138.22,1315.16,29.53,PayPal,Low,Returned,yes,2
SO-2025-00397,INV-000397,2025-02-22,2025-02-26,North,United States,Massachusetts,Boston,Distributor,SMB,Northwind Stores,Anika Shah,Harbor Chair,Furniture,Office,21,255.63,0.08,5368.23,4938.77,73.24,3012.95,1925.83,38.99,PayPal,Medium,Returned,yes,4
SO-2025-00398,INV-000398,2025-03-09,2025-03-10,East,United States,Pennsylvania,Philadelphia,Inside Sales,Government,Elevate Industries,Noah Bennett,Harbor Chair,Furniture,Office,5,220.13,0.08,1100.65,1012.60,71.23,797.19,215.41,21.27,Wire Transfer,High,Delivered,no,3
SO-2025-00399,INV-000399,2025-02-20,2025-02-22,East,United States,Pennsylvania,Philadelphia,Marketplace,SMB,Northwind Retail,Jordan Reed,Crest Air Purifier,Home Appliances,Air Quality,4,275.59,0.00,1102.36,1102.36,44.66,716.19,386.17,35.03,PayPal,Medium,Delivered,no,4
SO-2025-00400,INV-000400,2025-02-28,2025-03-05,North,United States,New York,New York,Distributor,Government,Northwind Foods,Noah Bennett,Pulse Headphones,Electronics,Accessories,15,195.82,0.00,2937.30,2937.30,19.39,1555.74,1381.56,47.04,Credit Card,Medium,Delivered,no,5
SO-2025-00401,INV-000401,2025-02-21,2025-02-24,South,United States,Florida,Miami,Retail,Government,SilverOak Industries,Priya Nair,Summit Desk,Furniture,Office,25,462.89,0.00,11572.25,11572.25,47.80,7310.65,4261.60,36.83,Credit Card,High,Delivered,no,4
SO-2025-00402,INV-000402,2025-02-20,2025-02-23,West,United States,Washington,Seattle,Distributor,Consumer,SilverOak Industries,Jordan Reed,Summit Desk,Furniture,Office,20,485.58,0.05,9711.60,9226.02,19.12,6015.09,3210.93,34.80,Credit Card,Low,Processing,no,3
SO-2025-00403,INV-000403,2025-03-08,2025-03-11,South,United States,Florida,Miami,Marketplace,Government,BrightPath Foods,Elena Cruz,Terra Blender,Home Appliances,Kitchen,21,145.02,0.12,3045.42,2679.97,61.65,1693.02,986.95,36.83,PayPal,High,Returned,yes,2
SO-2025-00404,INV-000404,2025-03-16,2025-03-18,North,United States,New York,New York,Retail,Consumer,PrimeAxis Industries,Jordan Reed,Orbit Camera,Electronics,Security,10,202.39,0.05,2023.90,1922.70,89.22,1431.56,491.15,25.54,Invoice,Low,Delivered,no,3
SO-2025-00405,INV-000405,2025-03-03,2025-03-07,East,United States,Virginia,Richmond,Inside Sales,Government,Cobalt Stores,Priya Nair,Vertex Monitor,Electronics,Displays,11,422.48,0.03,4647.28,4507.86,62.87,2792.27,1715.59,38.06,ACH,Critical,Delivered,no,3
SO-2025-00406,INV-000406,2025-02-12,2025-02-14,South,United States,Texas,Dallas,Inside Sales,Government,Northwind Homes,Noah Bennett,Summit Desk,Furniture,Office,7,408.20,0.03,2857.40,2771.68,25.58,2123.74,647.94,23.38,PayPal,Low,Processing,no,5
SO-2025-00407,INV-000407,2025-03-04,2025-03-05,North,United States,Massachusetts,Boston,Marketplace,SMB,Elevate Retail,Sana Khan,Pulse Headphones,Electronics,Accessories,8,208.98,0.00,1671.84,1671.84,81.30,938.09,733.75,43.89,Credit Card,Medium,Delivered,no,4
SO-2025-00408,INV-000408,2025-02-12,2025-02-15,East,United States,Pennsylvania,Philadelphia,Online,Government,Greenline Retail,Noah Bennett,Nimbus Tablet,Electronics,Mobile Devices,23,736.71,0.00,16944.33,16944.33,44.72,10002.64,6941.69,40.97,PayPal,High,Delivered,no,5
SO-2025-00409,INV-000409,2025-02-14,2025-02-20,East,United States,Pennsylvania,Philadelphia,Inside Sales,Consumer,SilverOak Retail,Anika Shah,Aurora Laptop,Electronics,Computers,21,1407.91,0.03,29566.11,28679.13,90.64,19141.46,9537.67,33.26,Credit Card,Critical,Delivered,no,3
SO-2025-00410,INV-000410,2025-02-24,2025-02-26,East,United States,Virginia,Richmond,Online,Consumer,BrightPath Stores,Noah Bennett,Apex Drill,Industrial,Tools,26,363.56,0.00,9452.56,9452.56,13.70,5391.73,4060.83,42.96,PayPal,High,Processing,no,5
SO-2025-00411,INV-000411,2025-03-08,2025-03-14,South,United States,Texas,Dallas,Distributor,Enterprise,Elevate Services,Sana Khan,Crest Air Purifier,Home Appliances,Air Quality,5,305.88,0.08,1529.40,1407.05,28.59,874.82,532.22,37.83,Invoice,Medium,Delivered,no,4
SO-2025-00412,INV-000412,2025-02-17,2025-02-22,North,United States,Massachusetts,Boston,Online,Consumer,PrimeAxis Foods,Noah Bennett,Apex Drill,Industrial,Tools,12,372.77,0.10,4473.24,4025.92,30.61,2657.33,1368.59,33.99,PayPal,Low,Processing,no,4
SO-2025-00413,INV-000413,2025-02-24,2025-03-02,South,United States,Texas,Dallas,Marketplace,Government,PrimeAxis Logistics,Sana Khan,Harbor Chair,Furniture,Office,11,262.61,0.08,2888.71,2657.61,47.50,1608.34,1049.27,39.48,Credit Card,Critical,Delivered,no,5
SO-2025-00414,INV-000414,2025-03-11,2025-03-14,East,United States,Virginia,Richmond,Online,Government,Cobalt Retail,Elena Cruz,Crest Air Purifier,Home Appliances,Air Quality,20,251.45,0.08,5029.00,4626.68,13.35,3516.55,1110.13,23.99,Invoice,Critical,Delivered,no,5
SO-2025-00415,INV-000415,2025-03-11,2025-03-13,East,United States,Virginia,Richmond,Online,Government,PrimeAxis Retail,Jordan Reed,Vertex Monitor,Electronics,Displays,8,351.76,0.10,2814.08,2532.67,93.52,1964.75,567.92,22.42,Credit Card,Medium,Processing,no,5
SO-2025-00416,INV-000416,2025-04-04,2025-04-08,West,United States,Washington,Seattle,Online,SMB,Cobalt Partners,Priya Nair,Vertex Monitor,Electronics,Displays,23,428.69,0.08,9859.87,9071.08,72.25,5480.36,3590.72,39.58,Credit Card,Medium,Delivered,no,3
SO-2025-00417,INV-000417,2025-02-21,2025-02-23,South,United States,Florida,Miami,Distributor,SMB,BluePeak Partners,Noah Bennett,Aurora Laptop,Electronics,Computers,17,1309.75,0.10,22265.75,20039.17,32.07,15183.87,4855.30,24.23,PayPal,Low,Delivered,no,3
SO-2025-00418,INV-000418,2025-04-06,2025-04-10,South,United States,Texas,Dallas,Online,Enterprise,Northwind Technologies,Sana Khan,Pulse Headphones,Electronics,Accessories,17,189.49,0.12,3221.33,2834.77,49.31,1764.44,1070.33,37.76,PayPal,Critical,Processing,no,5
SO-2025-00419,INV-000419,2025-02-24,2025-02-28,East,United States,Virginia,Richmond,Marketplace,Enterprise,SilverOak Retail,Sana Khan,Crest Air Purifier,Home Appliances,Air Quality,14,280.78,0.08,3930.92,3616.45,72.14,2579.02,1037.42,28.69,ACH,High,Processing,no,5
SO-2025-00420,INV-000420,2025-04-05,2025-04-09,East,United States,Virginia,Richmond,Retail,Government,Greenline Partners,Daniel Brooks,Nimbus Tablet,Electronics,Mobile Devices,17,590.85,0.08,10044.45,9240.89,89.93,7241.44,1999.46,21.64,PayPal,Medium,Delivered,no,5
